Country Code,State Code,ZIP/Postcode,City,Rate %,Tax Name,Priority,Compound,Shipping,Tax Class
AT,,*,*,21.0000,VAT,1,0,0,
BE,,*,*,21.0000,VAT,1,0,0,
BG,,*,*,21.0000,VAT,1,0,0,
CY,,*,*,21.0000,VAT,1,0,0,
CZ,,*,*,21.0000,VAT,1,0,0,
DE,,*,*,21.0000,VAT,1,0,0,
DK,,*,*,21.0000,VAT,1,0,0,
EE,,*,*,21.0000,VAT,1,0,0,
ES,,*,*,21.0000,VAT,1,0,0,
FI,,*,*,21.0000,VAT,1,0,0,
FR,,*,*,21.0000,VAT,1,0,0,
GR,,*,*,21.0000,VAT,1,0,0,
HR,,*,*,21.0000,VAT,1,0,0,
HU,,*,*,21.0000,VAT,1,0,0,
IE,,*,*,21.0000,VAT,1,0,0,
IT,,*,*,21.0000,VAT,1,0,0,
LT,,*,*,21.0000,VAT,1,0,0,
LU,,*,*,21.0000,VAT,1,0,0,
LV,,*,*,21.0000,VAT,1,0,0,
MT,,*,*,21.0000,VAT,1,0,0,
NL,,*,*,21.0000,VAT,1,0,0,
PL,,*,*,21.0000,VAT,1,0,0,
PT,,*,*,21.0000,VAT,1,0,0,
RO,,*,*,21.0000,VAT,1,0,0,
SE,,*,*,21.0000,VAT,1,0,0,
SI,,*,*,21.0000,VAT,1,0,0,
SK,,*,*,21.0000,VAT,1,0,0,
US,NY,501,BROOKHAVEN,8.6250,NY Tax,1,0,1,
US,NY,6390,SOUTHOLD,8.6250,NY Tax,1,0,1,
US,NY,10001,NEW YORK CITY,8.8750,NY Tax,1,0,1,
US,NY,10002,NEW YORK CITY,8.8750,NY Tax,1,0,1,
US,NY,10003,NEW YORK CITY,8.8750,NY Tax,1,0,1,
US,NY,10004,NEW YORK CITY,8.8750,NY Tax,1,0,1,
US,NY,10005,NEW YORK CITY,8.8750,NY Tax,1,0,1,
US,NY,10006,NEW YORK CITY,8.8750,NY Tax,1,0,1,
US,NY,10007,NEW YORK CITY,8.8750,NY Tax,1,0,1,
US,NY,10008,NEW YORK CITY,8.8750,NY Tax,1,0,1,
US,NY,10009,NEW YORK CITY,8.8750,NY Tax,1,0,1,
US,NY,10010,NEW YORK CITY,8.8750,NY Tax,1,0,1,
US,NY,10011,NEW YORK CITY,8.8750,NY Tax,1,0,1,
US,NY,10012,NEW YORK CITY,8.8750,NY Tax,1,0,1,
US,NY,10013,NEW YORK CITY,8.8750,NY Tax,1,0,1,
US,NY,10014,NEW YORK CITY,8.8750,NY Tax,1,0,1,
US,NY,10016,NEW YORK CITY,8.8750,NY Tax,1,0,1,
US,NY,10017,NEW YORK CITY,8.8750,NY Tax,1,0,1,
US,NY,10018,NEW YORK CITY,8.8750,NY Tax,1,0,1,
US,NY,10019,NEW YORK CITY,8.8750,NY Tax,1,0,1,
US,NY,10020,NEW YORK CITY,8.8750,NY Tax,1,0,1,
US,NY,10021,NEW YORK CITY,8.8750,NY Tax,1,0,1,
US,NY,10022,NEW YORK CITY,8.8750,NY Tax,1,0,1,
US,NY,10023,NEW YORK CITY,8.8750,NY Tax,1,0,1,
US,NY,10024,NEW YORK CITY,8.8750,NY Tax,1,0,1,
US,NY,10025,NEW YORK CITY,8.8750,NY Tax,1,0,1,
US,NY,10026,NEW YORK CITY,8.8750,NY Tax,1,0,1,
US,NY,10027,NEW YORK CITY,8.8750,NY Tax,1,0,1,
US,NY,10028,NEW YORK CITY,8.8750,NY Tax,1,0,1,
US,NY,10029,NEW YORK CITY,8.8750,NY Tax,1,0,1,
US,NY,10030,NEW YORK CITY,8.8750,NY Tax,1,0,1,
US,NY,10031,NEW YORK CITY,8.8750,NY Tax,1,0,1,
US,NY,10032,NEW YORK CITY,8.8750,NY Tax,1,0,1,
US,NY,10033,NEW YORK CITY,8.8750,NY Tax,1,0,1,
US,NY,10034,NEW YORK CITY,8.8750,NY Tax,1,0,1,
US,NY,10035,NEW YORK CITY,8.8750,NY Tax,1,0,1,
US,NY,10036,NEW YORK CITY,8.8750,NY Tax,1,0,1,
US,NY,10037,NEW YORK CITY,8.8750,NY Tax,1,0,1,
US,NY,10038,NEW YORK CITY,8.8750,NY Tax,1,0,1,
US,NY,10039,NEW YORK CITY,8.8750,NY Tax,1,0,1,
US,NY,10040,NEW YORK CITY,8.8750,NY Tax,1,0,1,
US,NY,10041,NEW YORK CITY,8.8750,NY Tax,1,0,1,
US,NY,10043,NEW YORK CITY,8.8750,NY Tax,1,0,1,
US,NY,10044,NEW YORK CITY,8.8750,NY Tax,1,0,1,
US,NY,10045,NEW YORK CITY,8.8750,NY Tax,1,0,1,
US,NY,10055,NEW YORK CITY,8.8750,NY Tax,1,0,1,
US,NY,10060,NEW YORK CITY,8.8750,NY Tax,1,0,1,
US,NY,10065,NEW YORK CITY,8.8750,NY Tax,1,0,1,
US,NY,10069,NEW YORK CITY,8.8750,NY Tax,1,0,1,
US,NY,10075,NEW YORK CITY,8.8750,NY Tax,1,0,1,
US,NY,10080,NEW YORK CITY,8.8750,NY Tax,1,0,1,
US,NY,10081,NEW YORK CITY,8.8750,NY Tax,1,0,1,
US,NY,10090,NEW YORK CITY,8.8750,NY Tax,1,0,1,
US,NY,10101,NEW YORK CITY,8.8750,NY Tax,1,0,1,
US,NY,10102,NEW YORK CITY,8.8750,NY Tax,1,0,1,
US,NY,10103,NEW YORK CITY,8.8750,NY Tax,1,0,1,
US,NY,10104,NEW YORK CITY,8.8750,NY Tax,1,0,1,
US,NY,10105,NEW YORK CITY,8.8750,NY Tax,1,0,1,
US,NY,10106,NEW YORK CITY,8.8750,NY Tax,1,0,1,
US,NY,10107,NEW YORK CITY,8.8750,NY Tax,1,0,1,
US,NY,10108,NEW YORK CITY,8.8750,NY Tax,1,0,1,
US,NY,10109,NEW YORK CITY,8.8750,NY Tax,1,0,1,
US,NY,10110,NEW YORK CITY,8.8750,NY Tax,1,0,1,
US,NY,10111,NEW YORK CITY,8.8750,NY Tax,1,0,1,
US,NY,10112,NEW YORK CITY,8.8750,NY Tax,1,0,1,
US,NY,10113,NEW YORK CITY,8.8750,NY Tax,1,0,1,
US,NY,10114,NEW YORK CITY,8.8750,NY Tax,1,0,1,
US,NY,10115,NEW YORK CITY,8.8750,NY Tax,1,0,1,
US,NY,10116,NEW YORK CITY,8.8750,NY Tax,1,0,1,
US,NY,10117,NEW YORK CITY,8.8750,NY Tax,1,0,1,
US,NY,10118,NEW YORK CITY,8.8750,NY Tax,1,0,1,
US,NY,10119,NEW YORK CITY,8.8750,NY Tax,1,0,1,
US,NY,10120,NEW YORK CITY,8.8750,NY Tax,1,0,1,
US,NY,10121,NEW YORK CITY,8.8750,NY Tax,1,0,1,
US,NY,10122,NEW YORK CITY,8.8750,NY Tax,1,0,1,
US,NY,10123,NEW YORK CITY,8.8750,NY Tax,1,0,1,
US,NY,10125,NEW YORK CITY,8.8750,NY Tax,1,0,1,
US,NY,10126,NEW YORK CITY,8.8750,NY Tax,1,0,1,
US,NY,10128,NEW YORK CITY,8.8750,NY Tax,1,0,1,
US,NY,10129,NEW YORK CITY,8.8750,NY Tax,1,0,1,
US,NY,10132,NEW YORK CITY,8.8750,NY Tax,1,0,1,
US,NY,10133,NEW YORK CITY,8.8750,NY Tax,1,0,1,
US,NY,10138,NEW YORK CITY,8.8750,NY Tax,1,0,1,
US,NY,10150,NEW YORK CITY,8.8750,NY Tax,1,0,1,
US,NY,10151,NEW YORK CITY,8.8750,NY Tax,1,0,1,
US,NY,10152,NEW YORK CITY,8.8750,NY Tax,1,0,1,
US,NY,10153,NEW YORK CITY,8.8750,NY Tax,1,0,1,
US,NY,10154,NEW YORK CITY,8.8750,NY Tax,1,0,1,
US,NY,10155,NEW YORK CITY,8.8750,NY Tax,1,0,1,
US,NY,10156,NEW YORK CITY,8.8750,NY Tax,1,0,1,
US,NY,10157,NEW YORK CITY,8.8750,NY Tax,1,0,1,
US,NY,10158,NEW YORK CITY,8.8750,NY Tax,1,0,1,
US,NY,10159,NEW YORK CITY,8.8750,NY Tax,1,0,1,
US,NY,10160,NEW YORK CITY,8.8750,NY Tax,1,0,1,
US,NY,10162,NEW YORK CITY,8.8750,NY Tax,1,0,1,
US,NY,10163,NEW YORK CITY,8.8750,NY Tax,1,0,1,
US,NY,10165,NEW YORK CITY,8.8750,NY Tax,1,0,1,
US,NY,10166,NEW YORK CITY,8.8750,NY Tax,1,0,1,
US,NY,10167,NEW YORK CITY,8.8750,NY Tax,1,0,1,
US,NY,10168,NEW YORK CITY,8.8750,NY Tax,1,0,1,
US,NY,10169,NEW YORK CITY,8.8750,NY Tax,1,0,1,
US,NY,10170,NEW YORK CITY,8.8750,NY Tax,1,0,1,
US,NY,10171,NEW YORK CITY,8.8750,NY Tax,1,0,1,
US,NY,10172,NEW YORK CITY,8.8750,NY Tax,1,0,1,
US,NY,10173,NEW YORK CITY,8.8750,NY Tax,1,0,1,
US,NY,10174,NEW YORK CITY,8.8750,NY Tax,1,0,1,
US,NY,10175,NEW YORK CITY,8.8750,NY Tax,1,0,1,
US,NY,10176,NEW YORK CITY,8.8750,NY Tax,1,0,1,
US,NY,10177,NEW YORK CITY,8.8750,NY Tax,1,0,1,
US,NY,10178,NEW YORK CITY,8.8750,NY Tax,1,0,1,
US,NY,10179,NEW YORK CITY,8.8750,NY Tax,1,0,1,
US,NY,10185,NEW YORK CITY,8.8750,NY Tax,1,0,1,
US,NY,10199,NEW YORK CITY,8.8750,NY Tax,1,0,1,
US,NY,10203,NEW YORK CITY,8.8750,NY Tax,1,0,1,
US,NY,10211,NEW YORK CITY,8.8750,NY Tax,1,0,1,
US,NY,10212,NEW YORK CITY,8.8750,NY Tax,1,0,1,
US,NY,10213,NEW YORK CITY,8.8750,NY Tax,1,0,1,
US,NY,10258,NEW YORK CITY,8.8750,NY Tax,1,0,1,
US,NY,10268,NEW YORK CITY,8.8750,NY Tax,1,0,1,
US,NY,10271,NEW YORK CITY,8.8750,NY Tax,1,0,1,
US,NY,10272,NEW YORK CITY,8.8750,NY Tax,1,0,1,
US,NY,10273,NEW YORK CITY,8.8750,NY Tax,1,0,1,
US,NY,10274,NEW YORK CITY,8.8750,NY Tax,1,0,1,
US,NY,10276,NEW YORK CITY,8.8750,NY Tax,1,0,1,
US,NY,10278,NEW YORK CITY,8.8750,NY Tax,1,0,1,
US,NY,10279,NEW YORK CITY,8.8750,NY Tax,1,0,1,
US,NY,10280,NEW YORK CITY,8.8750,NY Tax,1,0,1,
US,NY,10281,NEW YORK CITY,8.8750,NY Tax,1,0,1,
US,NY,10282,NEW YORK CITY,8.8750,NY Tax,1,0,1,
US,NY,10285,NEW YORK CITY,8.8750,NY Tax,1,0,1,
US,NY,10301,NEW YORK CITY,8.8750,NY Tax,1,0,1,
US,NY,10302,NEW YORK CITY,8.8750,NY Tax,1,0,1,
US,NY,10303,NEW YORK CITY,8.8750,NY Tax,1,0,1,
US,NY,10304,NEW YORK CITY,8.8750,NY Tax,1,0,1,
US,NY,10305,NEW YORK CITY,8.8750,NY Tax,1,0,1,
US,NY,10306,NEW YORK CITY,8.8750,NY Tax,1,0,1,
US,NY,10307,NEW YORK CITY,8.8750,NY Tax,1,0,1,
US,NY,10308,NEW YORK CITY,8.8750,NY Tax,1,0,1,
US,NY,10309,NEW YORK CITY,8.8750,NY Tax,1,0,1,
US,NY,10310,NEW YORK CITY,8.8750,NY Tax,1,0,1,
US,NY,10311,NEW YORK CITY,8.8750,NY Tax,1,0,1,
US,NY,10312,NEW YORK CITY,8.8750,NY Tax,1,0,1,
US,NY,10313,NEW YORK CITY,8.8750,NY Tax,1,0,1,
US,NY,10314,NEW YORK CITY,8.8750,NY Tax,1,0,1,
US,NY,10451,NEW YORK CITY,8.8750,NY Tax,1,0,1,
US,NY,10452,NEW YORK CITY,8.8750,NY Tax,1,0,1,
US,NY,10453,NEW YORK CITY,8.8750,NY Tax,1,0,1,
US,NY,10454,NEW YORK CITY,8.8750,NY Tax,1,0,1,
US,NY,10455,NEW YORK CITY,8.8750,NY Tax,1,0,1,
US,NY,10456,NEW YORK CITY,8.8750,NY Tax,1,0,1,
US,NY,10457,NEW YORK CITY,8.8750,NY Tax,1,0,1,
US,NY,10458,NEW YORK CITY,8.8750,NY Tax,1,0,1,
US,NY,10459,NEW YORK CITY,8.8750,NY Tax,1,0,1,
US,NY,10460,NEW YORK CITY,8.8750,NY Tax,1,0,1,
US,NY,10461,NEW YORK CITY,8.8750,NY Tax,1,0,1,
US,NY,10462,NEW YORK CITY,8.8750,NY Tax,1,0,1,
US,NY,10463,NEW YORK CITY,8.8750,NY Tax,1,0,1,
US,NY,10464,NEW YORK CITY,8.8750,NY Tax,1,0,1,
US,NY,10465,NEW YORK CITY,8.8750,NY Tax,1,0,1,
US,NY,10466,NEW YORK CITY,8.8750,NY Tax,1,0,1,
US,NY,10467,NEW YORK CITY,8.8750,NY Tax,1,0,1,
US,NY,10468,NEW YORK CITY,8.8750,NY Tax,1,0,1,
US,NY,10469,NEW YORK CITY,8.8750,NY Tax,1,0,1,
US,NY,10470,NEW YORK CITY,8.8750,NY Tax,1,0,1,
US,NY,10471,NEW YORK CITY,8.8750,NY Tax,1,0,1,
US,NY,10472,NEW YORK CITY,8.8750,NY Tax,1,0,1,
US,NY,10473,NEW YORK CITY,8.8750,NY Tax,1,0,1,
US,NY,10474,NEW YORK CITY,8.8750,NY Tax,1,0,1,
US,NY,10475,NEW YORK CITY,8.8750,NY Tax,1,0,1,
US,NY,10501,SOMERS,8.3750,NY Tax,1,0,1,
US,NY,10502,ARDSLEY VILLAGE,8.3750,NY Tax,1,0,1,
US,NY,10503,IRVINGTON VILLAGE,8.3750,NY Tax,1,0,1,
US,NY,10504,NORTH CASTLE,8.3750,NY Tax,1,0,1,
US,NY,10505,SOMERS,8.3750,NY Tax,1,0,1,
US,NY,10506,BEDFORD,8.3750,NY Tax,1,0,1,
US,NY,10507,BEDFORD,8.3750,NY Tax,1,0,1,
US,NY,10509,SOUTHEAST,8.3750,NY Tax,1,0,1,
US,NY,10510,BRIARCLIFF MANOR VILLAGE,8.3750,NY Tax,1,0,1,
US,NY,10511,BUCHANAN VILLAGE,8.3750,NY Tax,1,0,1,
US,NY,10512,KENT,8.3750,NY Tax,1,0,1,
US,NY,10514,NEW CASTLE,8.3750,NY Tax,1,0,1,
US,NY,10516,PHILIPSTOWN,8.3750,NY Tax,1,0,1,
US,NY,10517,CORTLANDT,8.3750,NY Tax,1,0,1,
US,NY,10518,LEWISBORO,8.3750,NY Tax,1,0,1,
US,NY,10519,NORTH SALEM,8.3750,NY Tax,1,0,1,
US,NY,10520,CROTON ON HUDSON VILLAGE,8.3750,NY Tax,1,0,1,
US,NY,10522,DOBBS FERRY VILLAGE,8.3750,NY Tax,1,0,1,
US,NY,10523,ELMSFORD VILLAGE,8.3750,NY Tax,1,0,1,
US,NY,10524,PHILIPSTOWN,8.3750,NY Tax,1,0,1,
US,NY,10526,LEWISBORO,8.3750,NY Tax,1,0,1,
US,NY,10527,SOMERS,8.3750,NY Tax,1,0,1,
US,NY,10528,HARRISON,8.3750,NY Tax,1,0,1,
US,NY,10530,GREENBURGH,8.3750,NY Tax,1,0,1,
US,NY,10532,MOUNT PLEASANT,8.3750,NY Tax,1,0,1,
US,NY,10533,IRVINGTON VILLAGE,8.3750,NY Tax,1,0,1,
US,NY,10535,YORKTOWN,8.3750,NY Tax,1,0,1,
US,NY,10536,BEDFORD,8.3750,NY Tax,1,0,1,
US,NY,10537,PUTNAM VALLEY,8.3750,NY Tax,1,0,1,
US,NY,10538,LARCHMONT VILLAGE,8.3750,NY Tax,1,0,1,
US,NY,10540,SOMERS,8.3750,NY Tax,1,0,1,
US,NY,10541,CARMEL,8.3750,NY Tax,1,0,1,
US,NY,10542,CARMEL,8.3750,NY Tax,1,0,1,
US,NY,10543,MAMARONECK VILLAGE,8.3750,NY Tax,1,0,1,
US,NY,10545,OSSINING,8.3750,NY Tax,1,0,1,
US,NY,10546,NEW CASTLE,8.3750,NY Tax,1,0,1,
US,NY,10547,YORKTOWN,8.3750,NY Tax,1,0,1,
US,NY,10548,CORTLANDT,8.3750,NY Tax,1,0,1,
US,NY,10549,MOUNT KISCO,8.3750,NY Tax,1,0,1,
US,NY,10550,MOUNT VERNON,8.3750,NY Tax,1,0,1,
US,NY,10551,MOUNT VERNON,8.3750,NY Tax,1,0,1,
US,NY,10552,MOUNT VERNON,8.3750,NY Tax,1,0,1,
US,NY,10553,MOUNT VERNON,8.3750,NY Tax,1,0,1,
US,NY,10560,NORTH SALEM,8.3750,NY Tax,1,0,1,
US,NY,10562,OSSINING,8.3750,NY Tax,1,0,1,
US,NY,10566,PEEKSKILL,8.3750,NY Tax,1,0,1,
US,NY,10567,CORTLANDT,8.3750,NY Tax,1,0,1,
US,NY,10570,PLEASANTVILLE,8.3750,NY Tax,1,0,1,
US,NY,10573,PORT CHESTER VILLAGE,8.3750,NY Tax,1,0,1,
US,NY,10576,POUND RIDGE,8.3750,NY Tax,1,0,1,
US,NY,10577,HARRISON,8.3750,NY Tax,1,0,1,
US,NY,10578,SOMERS,8.3750,NY Tax,1,0,1,
US,NY,10579,PUTNAM VALLEY,8.3750,NY Tax,1,0,1,
US,NY,10580,RYE CITY,8.3750,NY Tax,1,0,1,
US,NY,10583,SCARSDALE VILLAGE,8.3750,NY Tax,1,0,1,
US,NY,10587,SOMERS,8.3750,NY Tax,1,0,1,
US,NY,10588,YORKTOWN,8.3750,NY Tax,1,0,1,
US,NY,10589,SOMERS,8.3750,NY Tax,1,0,1,
US,NY,10590,LEWISBORO,8.3750,NY Tax,1,0,1,
US,NY,10591,TARRYTOWN VILLAGE,8.3750,NY Tax,1,0,1,
US,NY,10594,MOUNT PLEASANT,8.3750,NY Tax,1,0,1,
US,NY,10595,MOUNT PLEASANT,8.3750,NY Tax,1,0,1,
US,NY,10596,CORTLANDT,8.3750,NY Tax,1,0,1,
US,NY,10597,LEWISBORO,8.3750,NY Tax,1,0,1,
US,NY,10598,YORKTOWN,8.3750,NY Tax,1,0,1,
US,NY,10601,WHITE PLAINS,8.3750,NY Tax,1,0,1,
US,NY,10602,WHITE PLAINS,8.3750,NY Tax,1,0,1,
US,NY,10603,WHITE PLAINS,8.3750,NY Tax,1,0,1,
US,NY,10604,HARRISON,8.3750,NY Tax,1,0,1,
US,NY,10605,WHITE PLAINS,8.3750,NY Tax,1,0,1,
US,NY,10606,WHITE PLAINS,8.3750,NY Tax,1,0,1,
US,NY,10607,GREENBURGH,8.3750,NY Tax,1,0,1,
US,NY,10610,HARRISON,8.3750,NY Tax,1,0,1,
US,NY,10701,YONKERS,8.8750,NY Tax,1,0,1,
US,NY,10702,YONKERS,8.8750,NY Tax,1,0,1,
US,NY,10703,YONKERS,8.8750,NY Tax,1,0,1,
US,NY,10704,YONKERS,8.8750,NY Tax,1,0,1,
US,NY,10705,YONKERS,8.8750,NY Tax,1,0,1,
US,NY,10706,HASTINGS ON HUDSON VILLAGE,8.3750,NY Tax,1,0,1,
US,NY,10707,TUCKAHOE VILLAGE,8.3750,NY Tax,1,0,1,
US,NY,10708,YONKERS,8.8750,NY Tax,1,0,1,
US,NY,10709,EASTCHESTER,8.3750,NY Tax,1,0,1,
US,NY,10710,YONKERS,8.8750,NY Tax,1,0,1,
US,NY,10801,NEW ROCHELLE,8.3750,NY Tax,1,0,1,
US,NY,10802,NEW ROCHELLE,8.3750,NY Tax,1,0,1,
US,NY,10803,PELHAM VILLAGE,8.3750,NY Tax,1,0,1,
US,NY,10804,NEW ROCHELLE,8.3750,NY Tax,1,0,1,
US,NY,10805,NEW ROCHELLE,8.3750,NY Tax,1,0,1,
US,NY,10901,SUFFERN VILLAGE,8.3750,NY Tax,1,0,1,
US,NY,10910,TUXEDO,8.1250,NY Tax,1,0,1,
US,NY,10911,STONY POINT,8.3750,NY Tax,1,0,1,
US,NY,10912,WARWICK,8.1250,NY Tax,1,0,1,
US,NY,10913,ORANGETOWN,8.3750,NY Tax,1,0,1,
US,NY,10914,BLOOMING GROVE,8.1250,NY Tax,1,0,1,
US,NY,10915,CRAWFORD,8.1250,NY Tax,1,0,1,
US,NY,10916,HAMPTONBURGH,8.1250,NY Tax,1,0,1,
US,NY,10917,WOODBURY VILLAGE,8.1250,NY Tax,1,0,1,
US,NY,10918,CHESTER TOWN, ORANGE COUNTY,8.1250,NY Tax,1,0,1,
US,NY,10919,WALLKILL,8.1250,NY Tax,1,0,1,
US,NY,10920,CLARKSTOWN,8.3750,NY Tax,1,0,1,
US,NY,10921,FLORIDA VILLAGE,8.1250,NY Tax,1,0,1,
US,NY,10922,HIGHLANDS,8.1250,NY Tax,1,0,1,
US,NY,10923,WEST HAVERSTRAW VILLAGE,8.3750,NY Tax,1,0,1,
US,NY,10924,GOSHEN VILLAGE,8.1250,NY Tax,1,0,1,
US,NY,10925,GREENWOOD LAKE VILLAGE,8.1250,NY Tax,1,0,1,
US,NY,10926,HARRIMAN VILLAGE,8.1250,NY Tax,1,0,1,
US,NY,10927,HAVERSTRAW VILLAGE,8.3750,NY Tax,1,0,1,
US,NY,10928,HIGHLAND FALLS VILLAGE,8.1250,NY Tax,1,0,1,
US,NY,10930,WOODBURY VILLAGE,8.1250,NY Tax,1,0,1,
US,NY,10931,HILLBURN VILLAGE,8.3750,NY Tax,1,0,1,
US,NY,10932,WALLKILL,8.1250,NY Tax,1,0,1,
US,NY,10933,MINISINK,8.1250,NY Tax,1,0,1,
US,NY,10940,MIDDLETOWN,8.1250,NY Tax,1,0,1,
US,NY,10941,WALLKILL,8.1250,NY Tax,1,0,1,
US,NY,10949,MONROE VILLAGE,8.1250,NY Tax,1,0,1,
US,NY,10950,KIRYAS JOEL VILLAGE,8.1250,NY Tax,1,0,1,
US,NY,10952,RAMAPO,8.3750,NY Tax,1,0,1,
US,NY,10953,CORNWALL,8.1250,NY Tax,1,0,1,
US,NY,10954,CLARKSTOWN,8.3750,NY Tax,1,0,1,
US,NY,10956,CLARKSTOWN,8.3750,NY Tax,1,0,1,
US,NY,10958,ORANGE COUNTY,8.1250,NY Tax,1,0,1,
US,NY,10959,WARWICK,8.1250,NY Tax,1,0,1,
US,NY,10960,NYACK VILLAGE,8.3750,NY Tax,1,0,1,
US,NY,10962,ORANGETOWN,8.3750,NY Tax,1,0,1,
US,NY,10963,MOUNT HOPE,8.1250,NY Tax,1,0,1,
US,NY,10964,ORANGETOWN,8.3750,NY Tax,1,0,1,
US,NY,10965,ORANGETOWN,8.3750,NY Tax,1,0,1,
US,NY,10968,PIERMONT,8.3750,NY Tax,1,0,1,
US,NY,10969,WARWICK,8.1250,NY Tax,1,0,1,
US,NY,10970,HAVERSTRAW TOWN,8.3750,NY Tax,1,0,1,
US,NY,10973,ORANGE COUNTY,8.1250,NY Tax,1,0,1,
US,NY,10974,SLOATSBURG VILLAGE,8.3750,NY Tax,1,0,1,
US,NY,10975,TUXEDO,8.1250,NY Tax,1,0,1,
US,NY,10976,ORANGETOWN,8.3750,NY Tax,1,0,1,
US,NY,10977,SPRING VALLEY VILLAGE,8.3750,NY Tax,1,0,1,
US,NY,10979,GREENWOOD LAKE VILLAGE,8.1250,NY Tax,1,0,1,
US,NY,10980,STONY POINT,8.3750,NY Tax,1,0,1,
US,NY,10981,CHESTER TOWN, ORANGE COUNTY,8.1250,NY Tax,1,0,1,
US,NY,10982,AIRMONT VILLAGE,8.3750,NY Tax,1,0,1,
US,NY,10983,ORANGETOWN,8.3750,NY Tax,1,0,1,
US,NY,10984,HAVERSTRAW TOWN,8.3750,NY Tax,1,0,1,
US,NY,10985,CRAWFORD,8.1250,NY Tax,1,0,1,
US,NY,10986,STONY POINT,8.3750,NY Tax,1,0,1,
US,NY,10987,TUXEDO,8.1250,NY Tax,1,0,1,
US,NY,10988,UNIONVILLE VILLAGE,8.1250,NY Tax,1,0,1,
US,NY,10989,CLARKSTOWN,8.3750,NY Tax,1,0,1,
US,NY,10990,WARWICK,8.1250,NY Tax,1,0,1,
US,NY,10992,WASHINGTONVILLE VILLAGE,8.1250,NY Tax,1,0,1,
US,NY,10993,WEST HAVERSTRAW VILLAGE,8.3750,NY Tax,1,0,1,
US,NY,10994,CLARKSTOWN,8.3750,NY Tax,1,0,1,
US,NY,10996,HIGHLANDS,8.1250,NY Tax,1,0,1,
US,NY,10998,MINISINK,8.1250,NY Tax,1,0,1,
US,NY,11001,FLORAL PARK VILLAGE,8.6250,NY Tax,1,0,1,
US,NY,11002,FLORAL PARK VILLAGE,8.6250,NY Tax,1,0,1,
US,NY,11003,HEMPSTEAD TOWN,8.6250,NY Tax,1,0,1,
US,NY,11004,NEW YORK CITY,8.8750,NY Tax,1,0,1,
US,NY,11005,NEW YORK CITY,8.8750,NY Tax,1,0,1,
US,NY,11010,HEMPSTEAD TOWN,8.6250,NY Tax,1,0,1,
US,NY,11020,NORTH HEMPSTEAD,8.6250,NY Tax,1,0,1,
US,NY,11021,GREAT NECK PLAZA VILLAGE,8.6250,NY Tax,1,0,1,
US,NY,11022,GREAT NECK PLAZA VILLAGE,8.6250,NY Tax,1,0,1,
US,NY,11023,GREAT NECK VILLAGE,8.6250,NY Tax,1,0,1,
US,NY,11024,KINGS POINT VILLAGE,8.6250,NY Tax,1,0,1,
US,NY,11026,GREAT NECK VILLAGE,8.6250,NY Tax,1,0,1,
US,NY,11027,GREAT NECK VILLAGE,8.6250,NY Tax,1,0,1,
US,NY,11030,NORTH HEMPSTEAD,8.6250,NY Tax,1,0,1,
US,NY,11040,NORTH HEMPSTEAD,8.6250,NY Tax,1,0,1,
US,NY,11042,NORTH HEMPSTEAD,8.6250,NY Tax,1,0,1,
US,NY,11050,NORTH HEMPSTEAD,8.6250,NY Tax,1,0,1,
US,NY,11051,NORTH HEMPSTEAD,8.6250,NY Tax,1,0,1,
US,NY,11052,NORTH HEMPSTEAD,8.6250,NY Tax,1,0,1,
US,NY,11053,NORTH HEMPSTEAD,8.6250,NY Tax,1,0,1,
US,NY,11054,NORTH HEMPSTEAD,8.6250,NY Tax,1,0,1,
US,NY,11055,NORTH HEMPSTEAD,8.6250,NY Tax,1,0,1,
US,NY,11096,HEMPSTEAD TOWN,8.6250,NY Tax,1,0,1,
US,NY,11101,NEW YORK CITY,8.8750,NY Tax,1,0,1,
US,NY,11102,NEW YORK CITY,8.8750,NY Tax,1,0,1,
US,NY,11103,NEW YORK CITY,8.8750,NY Tax,1,0,1,
US,NY,11104,NEW YORK CITY,8.8750,NY Tax,1,0,1,
US,NY,11105,NEW YORK CITY,8.8750,NY Tax,1,0,1,
US,NY,11106,NEW YORK CITY,8.8750,NY Tax,1,0,1,
US,NY,11109,NEW YORK CITY,8.8750,NY Tax,1,0,1,
US,NY,11120,NEW YORK CITY,8.8750,NY Tax,1,0,1,
US,NY,11201,NEW YORK CITY,8.8750,NY Tax,1,0,1,
US,NY,11202,NEW YORK CITY,8.8750,NY Tax,1,0,1,
US,NY,11203,NEW YORK CITY,8.8750,NY Tax,1,0,1,
US,NY,11204,NEW YORK CITY,8.8750,NY Tax,1,0,1,
US,NY,11205,NEW YORK CITY,8.8750,NY Tax,1,0,1,
US,NY,11206,NEW YORK CITY,8.8750,NY Tax,1,0,1,
US,NY,11207,NEW YORK CITY,8.8750,NY Tax,1,0,1,
US,NY,11208,NEW YORK CITY,8.8750,NY Tax,1,0,1,
US,NY,11209,NEW YORK CITY,8.8750,NY Tax,1,0,1,
US,NY,11210,NEW YORK CITY,8.8750,NY Tax,1,0,1,
US,NY,11211,NEW YORK CITY,8.8750,NY Tax,1,0,1,
US,NY,11212,NEW YORK CITY,8.8750,NY Tax,1,0,1,
US,NY,11213,NEW YORK CITY,8.8750,NY Tax,1,0,1,
US,NY,11214,NEW YORK CITY,8.8750,NY Tax,1,0,1,
US,NY,11215,NEW YORK CITY,8.8750,NY Tax,1,0,1,
US,NY,11216,NEW YORK CITY,8.8750,NY Tax,1,0,1,
US,NY,11217,NEW YORK CITY,8.8750,NY Tax,1,0,1,
US,NY,11218,NEW YORK CITY,8.8750,NY Tax,1,0,1,
US,NY,11219,NEW YORK CITY,8.8750,NY Tax,1,0,1,
US,NY,11220,NEW YORK CITY,8.8750,NY Tax,1,0,1,
US,NY,11221,NEW YORK CITY,8.8750,NY Tax,1,0,1,
US,NY,11222,NEW YORK CITY,8.8750,NY Tax,1,0,1,
US,NY,11223,NEW YORK CITY,8.8750,NY Tax,1,0,1,
US,NY,11224,NEW YORK CITY,8.8750,NY Tax,1,0,1,
US,NY,11225,NEW YORK CITY,8.8750,NY Tax,1,0,1,
US,NY,11226,NEW YORK CITY,8.8750,NY Tax,1,0,1,
US,NY,11228,NEW YORK CITY,8.8750,NY Tax,1,0,1,
US,NY,11229,NEW YORK CITY,8.8750,NY Tax,1,0,1,
US,NY,11230,NEW YORK CITY,8.8750,NY Tax,1,0,1,
US,NY,11231,NEW YORK CITY,8.8750,NY Tax,1,0,1,
US,NY,11232,NEW YORK CITY,8.8750,NY Tax,1,0,1,
US,NY,11233,NEW YORK CITY,8.8750,NY Tax,1,0,1,
US,NY,11234,NEW YORK CITY,8.8750,NY Tax,1,0,1,
US,NY,11235,NEW YORK CITY,8.8750,NY Tax,1,0,1,
US,NY,11236,NEW YORK CITY,8.8750,NY Tax,1,0,1,
US,NY,11237,NEW YORK CITY,8.8750,NY Tax,1,0,1,
US,NY,11238,NEW YORK CITY,8.8750,NY Tax,1,0,1,
US,NY,11239,NEW YORK CITY,8.8750,NY Tax,1,0,1,
US,NY,11241,NEW YORK CITY,8.8750,NY Tax,1,0,1,
US,NY,11242,NEW YORK CITY,8.8750,NY Tax,1,0,1,
US,NY,11243,NEW YORK CITY,8.8750,NY Tax,1,0,1,
US,NY,11245,NEW YORK CITY,8.8750,NY Tax,1,0,1,
US,NY,11247,NEW YORK CITY,8.8750,NY Tax,1,0,1,
US,NY,11249,NEW YORK CITY,8.8750,NY Tax,1,0,1,
US,NY,11251,NEW YORK CITY,8.8750,NY Tax,1,0,1,
US,NY,11252,NEW YORK CITY,8.8750,NY Tax,1,0,1,
US,NY,11256,NEW YORK CITY,8.8750,NY Tax,1,0,1,
US,NY,11351,NEW YORK CITY,8.8750,NY Tax,1,0,1,
US,NY,11352,NEW YORK CITY,8.8750,NY Tax,1,0,1,
US,NY,11354,NEW YORK CITY,8.8750,NY Tax,1,0,1,
US,NY,11355,NEW YORK CITY,8.8750,NY Tax,1,0,1,
US,NY,11356,NEW YORK CITY,8.8750,NY Tax,1,0,1,
US,NY,11357,NEW YORK CITY,8.8750,NY Tax,1,0,1,
US,NY,11358,NEW YORK CITY,8.8750,NY Tax,1,0,1,
US,NY,11359,NEW YORK CITY,8.8750,NY Tax,1,0,1,
US,NY,11360,NEW YORK CITY,8.8750,NY Tax,1,0,1,
US,NY,11361,NEW YORK CITY,8.8750,NY Tax,1,0,1,
US,NY,11362,NEW YORK CITY,8.8750,NY Tax,1,0,1,
US,NY,11363,NEW YORK CITY,8.8750,NY Tax,1,0,1,
US,NY,11364,NEW YORK CITY,8.8750,NY Tax,1,0,1,
US,NY,11365,NEW YORK CITY,8.8750,NY Tax,1,0,1,
US,NY,11366,NEW YORK CITY,8.8750,NY Tax,1,0,1,
US,NY,11367,NEW YORK CITY,8.8750,NY Tax,1,0,1,
US,NY,11368,NEW YORK CITY,8.8750,NY Tax,1,0,1,
US,NY,11369,NEW YORK CITY,8.8750,NY Tax,1,0,1,
US,NY,11370,NEW YORK CITY,8.8750,NY Tax,1,0,1,
US,NY,11371,NEW YORK CITY,8.8750,NY Tax,1,0,1,
US,NY,11372,NEW YORK CITY,8.8750,NY Tax,1,0,1,
US,NY,11373,NEW YORK CITY,8.8750,NY Tax,1,0,1,
US,NY,11374,NEW YORK CITY,8.8750,NY Tax,1,0,1,
US,NY,11375,NEW YORK CITY,8.8750,NY Tax,1,0,1,
US,NY,11377,NEW YORK CITY,8.8750,NY Tax,1,0,1,
US,NY,11378,NEW YORK CITY,8.8750,NY Tax,1,0,1,
US,NY,11379,NEW YORK CITY,8.8750,NY Tax,1,0,1,
US,NY,11380,NEW YORK CITY,8.8750,NY Tax,1,0,1,
US,NY,11381,NEW YORK CITY,8.8750,NY Tax,1,0,1,
US,NY,11385,NEW YORK CITY,8.8750,NY Tax,1,0,1,
US,NY,11386,NEW YORK CITY,8.8750,NY Tax,1,0,1,
US,NY,11405,NEW YORK CITY,8.8750,NY Tax,1,0,1,
US,NY,11411,NEW YORK CITY,8.8750,NY Tax,1,0,1,
US,NY,11412,NEW YORK CITY,8.8750,NY Tax,1,0,1,
US,NY,11413,NEW YORK CITY,8.8750,NY Tax,1,0,1,
US,NY,11414,NEW YORK CITY,8.8750,NY Tax,1,0,1,
US,NY,11415,NEW YORK CITY,8.8750,NY Tax,1,0,1,
US,NY,11416,NEW YORK CITY,8.8750,NY Tax,1,0,1,
US,NY,11417,NEW YORK CITY,8.8750,NY Tax,1,0,1,
US,NY,11418,NEW YORK CITY,8.8750,NY Tax,1,0,1,
US,NY,11419,NEW YORK CITY,8.8750,NY Tax,1,0,1,
US,NY,11420,NEW YORK CITY,8.8750,NY Tax,1,0,1,
US,NY,11421,NEW YORK CITY,8.8750,NY Tax,1,0,1,
US,NY,11422,NEW YORK CITY,8.8750,NY Tax,1,0,1,
US,NY,11423,NEW YORK CITY,8.8750,NY Tax,1,0,1,
US,NY,11424,NEW YORK CITY,8.8750,NY Tax,1,0,1,
US,NY,11425,NEW YORK CITY,8.8750,NY Tax,1,0,1,
US,NY,11426,NEW YORK CITY,8.8750,NY Tax,1,0,1,
US,NY,11427,NEW YORK CITY,8.8750,NY Tax,1,0,1,
US,NY,11428,NEW YORK CITY,8.8750,NY Tax,1,0,1,
US,NY,11429,NEW YORK CITY,8.8750,NY Tax,1,0,1,
US,NY,11430,NEW YORK CITY,8.8750,NY Tax,1,0,1,
US,NY,11431,NEW YORK CITY,8.8750,NY Tax,1,0,1,
US,NY,11432,NEW YORK CITY,8.8750,NY Tax,1,0,1,
US,NY,11433,NEW YORK CITY,8.8750,NY Tax,1,0,1,
US,NY,11434,NEW YORK CITY,8.8750,NY Tax,1,0,1,
US,NY,11435,NEW YORK CITY,8.8750,NY Tax,1,0,1,
US,NY,11436,NEW YORK CITY,8.8750,NY Tax,1,0,1,
US,NY,11437,NEW YORK CITY,8.8750,NY Tax,1,0,1,
US,NY,11439,NEW YORK CITY,8.8750,NY Tax,1,0,1,
US,NY,11451,NEW YORK CITY,8.8750,NY Tax,1,0,1,
US,NY,11499,NEW YORK CITY,8.8750,NY Tax,1,0,1,
US,NY,11501,MINEOLA VILLAGE,8.6250,NY Tax,1,0,1,
US,NY,11507,NORTH HEMPSTEAD,8.6250,NY Tax,1,0,1,
US,NY,11509,ATLANTIC BEACH VILLAGE,8.6250,NY Tax,1,0,1,
US,NY,11510,HEMPSTEAD TOWN,8.6250,NY Tax,1,0,1,
US,NY,11514,NORTH HEMPSTEAD,8.6250,NY Tax,1,0,1,
US,NY,11516,CEDARHURST VILLAGE,8.6250,NY Tax,1,0,1,
US,NY,11518,EAST ROCKAWAY VILLAGE,8.6250,NY Tax,1,0,1,
US,NY,11520,FREEPORT VILLAGE,8.6250,NY Tax,1,0,1,
US,NY,11530,GARDEN CITY VILLAGE,8.6250,NY Tax,1,0,1,
US,NY,11531,GARDEN CITY VILLAGE,8.6250,NY Tax,1,0,1,
US,NY,11542,GLEN COVE,8.6250,NY Tax,1,0,1,
US,NY,11545,OYSTER BAY,8.6250,NY Tax,1,0,1,
US,NY,11547,OYSTER BAY,8.6250,NY Tax,1,0,1,
US,NY,11548,NORTH HEMPSTEAD,8.6250,NY Tax,1,0,1,
US,NY,11549,HEMPSTEAD VILLAGE,8.6250,NY Tax,1,0,1,
US,NY,11550,HEMPSTEAD VILLAGE,8.6250,NY Tax,1,0,1,
US,NY,11551,HEMPSTEAD VILLAGE,8.6250,NY Tax,1,0,1,
US,NY,11552,HEMPSTEAD TOWN,8.6250,NY Tax,1,0,1,
US,NY,11553,HEMPSTEAD TOWN,8.6250,NY Tax,1,0,1,
US,NY,11554,HEMPSTEAD TOWN,8.6250,NY Tax,1,0,1,
US,NY,11556,HEMPSTEAD TOWN,8.6250,NY Tax,1,0,1,
US,NY,11557,HEMPSTEAD TOWN,8.6250,NY Tax,1,0,1,
US,NY,11558,ISLAND PARK VILLAGE,8.6250,NY Tax,1,0,1,
US,NY,11559,LAWRENCE VILLAGE,8.6250,NY Tax,1,0,1,
US,NY,11560,OYSTER BAY,8.6250,NY Tax,1,0,1,
US,NY,11561,LONG BEACH,8.6250,NY Tax,1,0,1,
US,NY,11563,LYNBROOK VILLAGE,8.6250,NY Tax,1,0,1,
US,NY,11565,MALVERNE VILLAGE,8.6250,NY Tax,1,0,1,
US,NY,11566,HEMPSTEAD TOWN,8.6250,NY Tax,1,0,1,
US,NY,11568,OLD WESTBURY VILLAGE,8.6250,NY Tax,1,0,1,
US,NY,11569,HEMPSTEAD TOWN,8.6250,NY Tax,1,0,1,
US,NY,11570,ROCKVILLE CENTRE VILLAGE,8.6250,NY Tax,1,0,1,
US,NY,11571,ROCKVILLE CENTRE VILLAGE,8.6250,NY Tax,1,0,1,
US,NY,11572,HEMPSTEAD TOWN,8.6250,NY Tax,1,0,1,
US,NY,11575,HEMPSTEAD TOWN,8.6250,NY Tax,1,0,1,
US,NY,11576,ROSLYN VILLAGE,8.6250,NY Tax,1,0,1,
US,NY,11577,NORTH HEMPSTEAD,8.6250,NY Tax,1,0,1,
US,NY,11579,SEA CLIFF VILLAGE,8.6250,NY Tax,1,0,1,
US,NY,11580,VALLEY STREAM VILLAGE,8.6250,NY Tax,1,0,1,
US,NY,11581,VALLEY STREAM VILLAGE,8.6250,NY Tax,1,0,1,
US,NY,11582,VALLEY STREAM VILLAGE,8.6250,NY Tax,1,0,1,
US,NY,11590,WESTBURY VILLAGE,8.6250,NY Tax,1,0,1,
US,NY,11596,WILLISTON PARK VILLAGE,8.6250,NY Tax,1,0,1,
US,NY,11598,HEMPSTEAD TOWN,8.6250,NY Tax,1,0,1,
US,NY,11599,HEMPSTEAD TOWN,8.6250,NY Tax,1,0,1,
US,NY,11691,NEW YORK CITY,8.8750,NY Tax,1,0,1,
US,NY,11692,NEW YORK CITY,8.8750,NY Tax,1,0,1,
US,NY,11693,NEW YORK CITY,8.8750,NY Tax,1,0,1,
US,NY,11694,NEW YORK CITY,8.8750,NY Tax,1,0,1,
US,NY,11697,NEW YORK CITY,8.8750,NY Tax,1,0,1,
US,NY,11701,BABYLON,8.6250,NY Tax,1,0,1,
US,NY,11702,BABYLON VILLAGE,8.6250,NY Tax,1,0,1,
US,NY,11703,BABYLON,8.6250,NY Tax,1,0,1,
US,NY,11704,BABYLON,8.6250,NY Tax,1,0,1,
US,NY,11705,ISLIP,8.6250,NY Tax,1,0,1,
US,NY,11706,ISLIP,8.6250,NY Tax,1,0,1,
US,NY,11709,BAYVILLE VILLAGE,8.6250,NY Tax,1,0,1,
US,NY,11710,HEMPSTEAD TOWN,8.6250,NY Tax,1,0,1,
US,NY,11713,BROOKHAVEN,8.6250,NY Tax,1,0,1,
US,NY,11714,OYSTER BAY,8.6250,NY Tax,1,0,1,
US,NY,11715,BROOKHAVEN,8.6250,NY Tax,1,0,1,
US,NY,11716,ISLIP,8.6250,NY Tax,1,0,1,
US,NY,11717,ISLIP,8.6250,NY Tax,1,0,1,
US,NY,11718,BRIGHTWATERS VILLAGE,8.6250,NY Tax,1,0,1,
US,NY,11719,BROOKHAVEN,8.6250,NY Tax,1,0,1,
US,NY,11720,BROOKHAVEN,8.6250,NY Tax,1,0,1,
US,NY,11721,HUNTINGTON,8.6250,NY Tax,1,0,1,
US,NY,11722,ISLIP,8.6250,NY Tax,1,0,1,
US,NY,11724,HUNTINGTON,8.6250,NY Tax,1,0,1,
US,NY,11725,SMITHTOWN,8.6250,NY Tax,1,0,1,
US,NY,11726,BABYLON,8.6250,NY Tax,1,0,1,
US,NY,11727,BROOKHAVEN,8.6250,NY Tax,1,0,1,
US,NY,11729,BABYLON,8.6250,NY Tax,1,0,1,
US,NY,11730,ISLIP,8.6250,NY Tax,1,0,1,
US,NY,11731,HUNTINGTON,8.6250,NY Tax,1,0,1,
US,NY,11732,OYSTER BAY,8.6250,NY Tax,1,0,1,
US,NY,11733,BROOKHAVEN,8.6250,NY Tax,1,0,1,
US,NY,11735,FARMINGDALE VILLAGE,8.6250,NY Tax,1,0,1,
US,NY,11737,FARMINGDALE VILLAGE,8.6250,NY Tax,1,0,1,
US,NY,11738,BROOKHAVEN,8.6250,NY Tax,1,0,1,
US,NY,11739,ISLIP,8.6250,NY Tax,1,0,1,
US,NY,11740,HUNTINGTON,8.6250,NY Tax,1,0,1,
US,NY,11741,ISLIP,8.6250,NY Tax,1,0,1,
US,NY,11742,BROOKHAVEN,8.6250,NY Tax,1,0,1,
US,NY,11743,HUNTINGTON,8.6250,NY Tax,1,0,1,
US,NY,11746,HUNTINGTON,8.6250,NY Tax,1,0,1,
US,NY,11747,HUNTINGTON,8.6250,NY Tax,1,0,1,
US,NY,11749,ISLANDIA VILLAGE,8.6250,NY Tax,1,0,1,
US,NY,11751,ISLIP,8.6250,NY Tax,1,0,1,
US,NY,11752,ISLIP,8.6250,NY Tax,1,0,1,
US,NY,11753,OYSTER BAY,8.6250,NY Tax,1,0,1,
US,NY,11754,SMITHTOWN,8.6250,NY Tax,1,0,1,
US,NY,11755,LAKE GROVE VILLAGE,8.6250,NY Tax,1,0,1,
US,NY,11756,HEMPSTEAD TOWN,8.6250,NY Tax,1,0,1,
US,NY,11757,LINDENHURST VILLAGE,8.6250,NY Tax,1,0,1,
US,NY,11758,OYSTER BAY,8.6250,NY Tax,1,0,1,
US,NY,11762,MASSAPEQUA PARK VILLAGE,8.6250,NY Tax,1,0,1,
US,NY,11763,BROOKHAVEN,8.6250,NY Tax,1,0,1,
US,NY,11764,BROOKHAVEN,8.6250,NY Tax,1,0,1,
US,NY,11765,MILL NECK VILLAGE,8.6250,NY Tax,1,0,1,
US,NY,11766,BROOKHAVEN,8.6250,NY Tax,1,0,1,
US,NY,11767,SMITHTOWN,8.6250,NY Tax,1,0,1,
US,NY,11768,NORTHPORT VILLAGE,8.6250,NY Tax,1,0,1,
US,NY,11769,ISLIP,8.6250,NY Tax,1,0,1,
US,NY,11770,OCEAN BEACH VILLAGE,8.6250,NY Tax,1,0,1,
US,NY,11771,OYSTER BAY,8.6250,NY Tax,1,0,1,
US,NY,11772,BROOKHAVEN,8.6250,NY Tax,1,0,1,
US,NY,11773,HUNTINGTON,8.6250,NY Tax,1,0,1,
US,NY,11776,BROOKHAVEN,8.6250,NY Tax,1,0,1,
US,NY,11777,PORT JEFFERSON VILLAGE,8.6250,NY Tax,1,0,1,
US,NY,11778,BROOKHAVEN,8.6250,NY Tax,1,0,1,
US,NY,11779,ISLIP,8.6250,NY Tax,1,0,1,
US,NY,11780,SMITHTOWN,8.6250,NY Tax,1,0,1,
US,NY,11782,ISLIP,8.6250,NY Tax,1,0,1,
US,NY,11783,HEMPSTEAD TOWN,8.6250,NY Tax,1,0,1,
US,NY,11784,BROOKHAVEN,8.6250,NY Tax,1,0,1,
US,NY,11786,BROOKHAVEN,8.6250,NY Tax,1,0,1,
US,NY,11787,SMITHTOWN,8.6250,NY Tax,1,0,1,
US,NY,11788,ISLIP,8.6250,NY Tax,1,0,1,
US,NY,11789,BROOKHAVEN,8.6250,NY Tax,1,0,1,
US,NY,11790,BROOKHAVEN,8.6250,NY Tax,1,0,1,
US,NY,11791,OYSTER BAY,8.6250,NY Tax,1,0,1,
US,NY,11792,RIVERHEAD,8.6250,NY Tax,1,0,1,
US,NY,11793,HEMPSTEAD TOWN,8.6250,NY Tax,1,0,1,
US,NY,11794,BROOKHAVEN,8.6250,NY Tax,1,0,1,
US,NY,11795,ISLIP,8.6250,NY Tax,1,0,1,
US,NY,11796,ISLIP,8.6250,NY Tax,1,0,1,
US,NY,11797,OYSTER BAY,8.6250,NY Tax,1,0,1,
US,NY,11798,BABYLON,8.6250,NY Tax,1,0,1,
US,NY,11801,OYSTER BAY,8.6250,NY Tax,1,0,1,
US,NY,11802,OYSTER BAY,8.6250,NY Tax,1,0,1,
US,NY,11803,OYSTER BAY,8.6250,NY Tax,1,0,1,
US,NY,11804,OYSTER BAY,8.6250,NY Tax,1,0,1,
US,NY,11815,OYSTER BAY,8.6250,NY Tax,1,0,1,
US,NY,11901,RIVERHEAD,8.6250,NY Tax,1,0,1,
US,NY,11930,EAST HAMPTON,8.6250,NY Tax,1,0,1,
US,NY,11931,RIVERHEAD,8.6250,NY Tax,1,0,1,
US,NY,11932,SOUTHAMPTON,8.6250,NY Tax,1,0,1,
US,NY,11933,RIVERHEAD,8.6250,NY Tax,1,0,1,
US,NY,11934,BROOKHAVEN,8.6250,NY Tax,1,0,1,
US,NY,11935,SOUTHOLD,8.6250,NY Tax,1,0,1,
US,NY,11937,EAST HAMPTON,8.6250,NY Tax,1,0,1,
US,NY,11939,SOUTHOLD,8.6250,NY Tax,1,0,1,
US,NY,11940,BROOKHAVEN,8.6250,NY Tax,1,0,1,
US,NY,11941,BROOKHAVEN,8.6250,NY Tax,1,0,1,
US,NY,11942,SOUTHAMPTON,8.6250,NY Tax,1,0,1,
US,NY,11944,SOUTHOLD,8.6250,NY Tax,1,0,1,
US,NY,11946,SOUTHAMPTON,8.6250,NY Tax,1,0,1,
US,NY,11947,RIVERHEAD,8.6250,NY Tax,1,0,1,
US,NY,11948,SOUTHOLD,8.6250,NY Tax,1,0,1,
US,NY,11949,BROOKHAVEN,8.6250,NY Tax,1,0,1,
US,NY,11950,BROOKHAVEN,8.6250,NY Tax,1,0,1,
US,NY,11951,BROOKHAVEN,8.6250,NY Tax,1,0,1,
US,NY,11952,SOUTHOLD,8.6250,NY Tax,1,0,1,
US,NY,11953,BROOKHAVEN,8.6250,NY Tax,1,0,1,
US,NY,11954,EAST HAMPTON,8.6250,NY Tax,1,0,1,
US,NY,11955,BROOKHAVEN,8.6250,NY Tax,1,0,1,
US,NY,11956,SOUTHOLD,8.6250,NY Tax,1,0,1,
US,NY,11957,SOUTHOLD,8.6250,NY Tax,1,0,1,
US,NY,11958,SOUTHOLD,8.6250,NY Tax,1,0,1,
US,NY,11959,QUOGUE VILLAGE,8.6250,NY Tax,1,0,1,
US,NY,11960,SOUTHAMPTON,8.6250,NY Tax,1,0,1,
US,NY,11961,BROOKHAVEN,8.6250,NY Tax,1,0,1,
US,NY,11962,SAGAPONACK VILLAGE,8.6250,NY Tax,1,0,1,
US,NY,11963,SOUTHAMPTON,8.6250,NY Tax,1,0,1,
US,NY,11964,SHELTER ISLAND,8.6250,NY Tax,1,0,1,
US,NY,11965,SHELTER ISLAND,8.6250,NY Tax,1,0,1,
US,NY,11967,BROOKHAVEN,8.6250,NY Tax,1,0,1,
US,NY,11968,SOUTHAMPTON,8.6250,NY Tax,1,0,1,
US,NY,11969,SOUTHAMPTON VILLAGE,8.6250,NY Tax,1,0,1,
US,NY,11970,RIVERHEAD,8.6250,NY Tax,1,0,1,
US,NY,11971,SOUTHOLD,8.6250,NY Tax,1,0,1,
US,NY,11972,SOUTHAMPTON,8.6250,NY Tax,1,0,1,
US,NY,11973,BROOKHAVEN,8.6250,NY Tax,1,0,1,
US,NY,11975,EAST HAMPTON,8.6250,NY Tax,1,0,1,
US,NY,11976,SOUTHAMPTON,8.6250,NY Tax,1,0,1,
US,NY,11977,SOUTHAMPTON,8.6250,NY Tax,1,0,1,
US,NY,11978,WESTHAMPTON BEACH VILLAGE,8.6250,NY Tax,1,0,1,
US,NY,11980,BROOKHAVEN,8.6250,NY Tax,1,0,1,
US,NY,12007,COEYMANS,8.0000,NY Tax,1,0,1,
US,NY,12008,GLENVILLE,8.0000,NY Tax,1,0,1,
US,NY,12009,GUILDERLAND,8.0000,NY Tax,1,0,1,
US,NY,12010,AMSTERDAM CITY,8.0000,NY Tax,1,0,1,
US,NY,12015,ATHENS VILLAGE,8.0000,NY Tax,1,0,1,
US,NY,12017,AUSTERLITZ,8.0000,NY Tax,1,0,1,
US,NY,12018,SAND LAKE,8.0000,NY Tax,1,0,1,
US,NY,12019,CLIFTON PARK,7.0000,NY Tax,1,0,1,
US,NY,12020,MILTON,7.0000,NY Tax,1,0,1,
US,NY,12022,BERLIN,8.0000,NY Tax,1,0,1,
US,NY,12023,BERNE,8.0000,NY Tax,1,0,1,
US,NY,12024,CHATHAM,8.0000,NY Tax,1,0,1,
US,NY,12025,BROADALBIN,8.0000,NY Tax,1,0,1,
US,NY,12027,BALLSTON,7.0000,NY Tax,1,0,1,
US,NY,12028,CAMBRIDGE,7.0000,NY Tax,1,0,1,
US,NY,12029,CANAAN,8.0000,NY Tax,1,0,1,
US,NY,12031,CARLISLE,8.0000,NY Tax,1,0,1,
US,NY,12032,CAROGA,8.0000,NY Tax,1,0,1,
US,NY,12033,SCHODACK,8.0000,NY Tax,1,0,1,
US,NY,12035,ESPERANCE,8.0000,NY Tax,1,0,1,
US,NY,12036,SUMMIT,8.0000,NY Tax,1,0,1,
US,NY,12037,AUSTERLITZ,8.0000,NY Tax,1,0,1,
US,NY,12040,BERLIN,8.0000,NY Tax,1,0,1,
US,NY,12041,NEW SCOTLAND,8.0000,NY Tax,1,0,1,
US,NY,12042,NEW BALTIMORE,8.0000,NY Tax,1,0,1,
US,NY,12043,COBLESKILL VILLAGE,8.0000,NY Tax,1,0,1,
US,NY,12045,COEYMANS,8.0000,NY Tax,1,0,1,
US,NY,12046,COEYMANS,8.0000,NY Tax,1,0,1,
US,NY,12047,COHOES,8.0000,NY Tax,1,0,1,
US,NY,12050,STOCKPORT,8.0000,NY Tax,1,0,1,
US,NY,12051,COXSACKIE VILLAGE,8.0000,NY Tax,1,0,1,
US,NY,12052,GRAFTON,8.0000,NY Tax,1,0,1,
US,NY,12053,DUANESBURG,8.0000,NY Tax,1,0,1,
US,NY,12054,BETHLEHEM,8.0000,NY Tax,1,0,1,
US,NY,12055,WESTERLO,8.0000,NY Tax,1,0,1,
US,NY,12056,DUANESBURG,8.0000,NY Tax,1,0,1,
US,NY,12057,WHITE CREEK,7.0000,NY Tax,1,0,1,
US,NY,12058,COXSACKIE,8.0000,NY Tax,1,0,1,
US,NY,12059,BERNE,8.0000,NY Tax,1,0,1,
US,NY,12060,CANAAN,8.0000,NY Tax,1,0,1,
US,NY,12061,EAST GREENBUSH,8.0000,NY Tax,1,0,1,
US,NY,12062,NASSAU,8.0000,NY Tax,1,0,1,
US,NY,12063,SCHODACK,8.0000,NY Tax,1,0,1,
US,NY,12064,WORCESTER,8.0000,NY Tax,1,0,1,
US,NY,12065,CLIFTON PARK,7.0000,NY Tax,1,0,1,
US,NY,12066,CHARLESTON,8.0000,NY Tax,1,0,1,
US,NY,12067,NEW SCOTLAND,8.0000,NY Tax,1,0,1,
US,NY,12068,MOHAWK,8.0000,NY Tax,1,0,1,
US,NY,12069,FLORIDA,8.0000,NY Tax,1,0,1,
US,NY,12070,AMSTERDAM,8.0000,NY Tax,1,0,1,
US,NY,12071,FULTON, SCHOHAIRE COUNTY,8.0000,NY Tax,1,0,1,
US,NY,12072,GLEN,8.0000,NY Tax,1,0,1,
US,NY,12073,WRIGHT,8.0000,NY Tax,1,0,1,
US,NY,12074,GALWAY,7.0000,NY Tax,1,0,1,
US,NY,12075,GHENT,8.0000,NY Tax,1,0,1,
US,NY,12076,CONESVILLE,8.0000,NY Tax,1,0,1,
US,NY,12077,BETHLEHEM,8.0000,NY Tax,1,0,1,
US,NY,12078,GLOVERSVILLE,8.0000,NY Tax,1,0,1,
US,NY,12082,GRAFTON,8.0000,NY Tax,1,0,1,
US,NY,12083,GREENVILLE, GREENE COUNTY,8.0000,NY Tax,1,0,1,
US,NY,12084,GUILDERLAND,8.0000,NY Tax,1,0,1,
US,NY,12085,GUILDERLAND,8.0000,NY Tax,1,0,1,
US,NY,12086,HAGAMAN VILLAGE,8.0000,NY Tax,1,0,1,
US,NY,12087,NEW BALTIMORE,8.0000,NY Tax,1,0,1,
US,NY,12089,HOOSICK,8.0000,NY Tax,1,0,1,
US,NY,12090,HOOSICK,8.0000,NY Tax,1,0,1,
US,NY,12092,COBLESKILL,8.0000,NY Tax,1,0,1,
US,NY,12093,JEFFERSON,8.0000,NY Tax,1,0,1,
US,NY,12094,PITTSTOWN,8.0000,NY Tax,1,0,1,
US,NY,12095,JOHNSTOWN,8.0000,NY Tax,1,0,1,
US,NY,12106,KINDERHOOK TOWN,8.0000,NY Tax,1,0,1,
US,NY,12107,KNOX,8.0000,NY Tax,1,0,1,
US,NY,12108,LAKE PLEASANT,8.0000,NY Tax,1,0,1,
US,NY,12110,COLONIE,8.0000,NY Tax,1,0,1,
US,NY,12115,CHATHAM,8.0000,NY Tax,1,0,1,
US,NY,12116,MARYLAND,8.0000,NY Tax,1,0,1,
US,NY,12117,MAYFIELD,8.0000,NY Tax,1,0,1,
US,NY,12118,MECHANICVILLE,7.0000,NY Tax,1,0,1,
US,NY,12120,RENSSELAERVILLE,8.0000,NY Tax,1,0,1,
US,NY,12121,SCHAGHTICOKE,8.0000,NY Tax,1,0,1,
US,NY,12122,BROOME,8.0000,NY Tax,1,0,1,
US,NY,12123,SCHODACK,8.0000,NY Tax,1,0,1,
US,NY,12124,NEW BALTIMORE,8.0000,NY Tax,1,0,1,
US,NY,12125,NEW LEBANON,8.0000,NY Tax,1,0,1,
US,NY,12128,COLONIE,8.0000,NY Tax,1,0,1,
US,NY,12130,KINDERHOOK TOWN,8.0000,NY Tax,1,0,1,
US,NY,12131,BLENHEIM,8.0000,NY Tax,1,0,1,
US,NY,12132,CHATHAM,8.0000,NY Tax,1,0,1,
US,NY,12133,HOOSICK,8.0000,NY Tax,1,0,1,
US,NY,12134,EDINBURG,7.0000,NY Tax,1,0,1,
US,NY,12136,CHATHAM,8.0000,NY Tax,1,0,1,
US,NY,12137,DUANESBURG,8.0000,NY Tax,1,0,1,
US,NY,12138,PETERSBURGH,8.0000,NY Tax,1,0,1,
US,NY,12139,ARIETTA,8.0000,NY Tax,1,0,1,
US,NY,12140,POESTENKILL,8.0000,NY Tax,1,0,1,
US,NY,12141,DUANESBURG,8.0000,NY Tax,1,0,1,
US,NY,12143,RAVENA VILLAGE,8.0000,NY Tax,1,0,1,
US,NY,12144,RENSSELAER,8.0000,NY Tax,1,0,1,
US,NY,12147,RENSSELAERVILLE,8.0000,NY Tax,1,0,1,
US,NY,12148,CLIFTON PARK,7.0000,NY Tax,1,0,1,
US,NY,12149,RICHMONDVILLE,8.0000,NY Tax,1,0,1,
US,NY,12150,ROTTERDAM,8.0000,NY Tax,1,0,1,
US,NY,12151,ROUND LAKE VILLAGE,7.0000,NY Tax,1,0,1,
US,NY,12153,SAND LAKE,8.0000,NY Tax,1,0,1,
US,NY,12154,SCHAGHTICOKE,8.0000,NY Tax,1,0,1,
US,NY,12155,MARYLAND,8.0000,NY Tax,1,0,1,
US,NY,12156,SCHODACK,8.0000,NY Tax,1,0,1,
US,NY,12157,SCHOHARIE,8.0000,NY Tax,1,0,1,
US,NY,12158,BETHLEHEM,8.0000,NY Tax,1,0,1,
US,NY,12159,BETHLEHEM,8.0000,NY Tax,1,0,1,
US,NY,12160,CARLISLE,8.0000,NY Tax,1,0,1,
US,NY,12161,BETHLEHEM,8.0000,NY Tax,1,0,1,
US,NY,12164,SPECULATOR VILLAGE,8.0000,NY Tax,1,0,1,
US,NY,12165,AUSTERLITZ,8.0000,NY Tax,1,0,1,
US,NY,12166,ROOT,8.0000,NY Tax,1,0,1,
US,NY,12167,STAMFORD VILLAGE,8.0000,NY Tax,1,0,1,
US,NY,12168,STEPHENTOWN,8.0000,NY Tax,1,0,1,
US,NY,12169,STEPHENTOWN,8.0000,NY Tax,1,0,1,
US,NY,12170,STILLWATER,7.0000,NY Tax,1,0,1,
US,NY,12172,STOCKPORT,8.0000,NY Tax,1,0,1,
US,NY,12173,STUYVESANT,8.0000,NY Tax,1,0,1,
US,NY,12174,STUYVESANT,8.0000,NY Tax,1,0,1,
US,NY,12175,SUMMIT,8.0000,NY Tax,1,0,1,
US,NY,12176,GREENVILLE, GREENE COUNTY,8.0000,NY Tax,1,0,1,
US,NY,12177,AMSTERDAM,8.0000,NY Tax,1,0,1,
US,NY,12180,TROY,8.0000,NY Tax,1,0,1,
US,NY,12181,TROY,8.0000,NY Tax,1,0,1,
US,NY,12182,TROY,8.0000,NY Tax,1,0,1,
US,NY,12183,GREEN ISLAND VILLAGE,8.0000,NY Tax,1,0,1,
US,NY,12184,KINDERHOOK TOWN,8.0000,NY Tax,1,0,1,
US,NY,12185,PITTSTOWN,8.0000,NY Tax,1,0,1,
US,NY,12186,NEW SCOTLAND,8.0000,NY Tax,1,0,1,
US,NY,12187,RICHMONDVILLE,8.0000,NY Tax,1,0,1,
US,NY,12188,WATERFORD,7.0000,NY Tax,1,0,1,
US,NY,12189,WATERVLIET,8.0000,NY Tax,1,0,1,
US,NY,12190,WELLS,8.0000,NY Tax,1,0,1,
US,NY,12192,NEW BALTIMORE,8.0000,NY Tax,1,0,1,
US,NY,12193,WESTERLO,8.0000,NY Tax,1,0,1,
US,NY,12194,FULTON, SCHOHAIRE COUNTY,8.0000,NY Tax,1,0,1,
US,NY,12195,NEW LEBANON,8.0000,NY Tax,1,0,1,
US,NY,12196,SAND LAKE,8.0000,NY Tax,1,0,1,
US,NY,12197,WORCESTER,8.0000,NY Tax,1,0,1,
US,NY,12198,NORTH GREENBUSH,8.0000,NY Tax,1,0,1,
US,NY,12201,COLONIE VILLAGE,8.0000,NY Tax,1,0,1,
US,NY,12202,ALBANY,8.0000,NY Tax,1,0,1,
US,NY,12203,ALBANY,8.0000,NY Tax,1,0,1,
US,NY,12204,MENANDS VILLAGE,8.0000,NY Tax,1,0,1,
US,NY,12205,COLONIE,8.0000,NY Tax,1,0,1,
US,NY,12206,ALBANY,8.0000,NY Tax,1,0,1,
US,NY,12207,ALBANY,8.0000,NY Tax,1,0,1,
US,NY,12208,ALBANY,8.0000,NY Tax,1,0,1,
US,NY,12209,ALBANY,8.0000,NY Tax,1,0,1,
US,NY,12210,ALBANY,8.0000,NY Tax,1,0,1,
US,NY,12211,COLONIE,8.0000,NY Tax,1,0,1,
US,NY,12212,COLONIE VILLAGE,8.0000,NY Tax,1,0,1,
US,NY,12214,ALBANY,8.0000,NY Tax,1,0,1,
US,NY,12220,GUILDERLAND,8.0000,NY Tax,1,0,1,
US,NY,12222,ALBANY,8.0000,NY Tax,1,0,1,
US,NY,12223,GUILDERLAND,8.0000,NY Tax,1,0,1,
US,NY,12224,ALBANY,8.0000,NY Tax,1,0,1,
US,NY,12225,ALBANY,8.0000,NY Tax,1,0,1,
US,NY,12226,ALBANY,8.0000,NY Tax,1,0,1,
US,NY,12227,GUILDERLAND,8.0000,NY Tax,1,0,1,
US,NY,12228,GUILDERLAND,8.0000,NY Tax,1,0,1,
US,NY,12229,GUILDERLAND,8.0000,NY Tax,1,0,1,
US,NY,12230,GUILDERLAND,8.0000,NY Tax,1,0,1,
US,NY,12231,GUILDERLAND,8.0000,NY Tax,1,0,1,
US,NY,12232,ALBANY,8.0000,NY Tax,1,0,1,
US,NY,12233,GUILDERLAND,8.0000,NY Tax,1,0,1,
US,NY,12234,COLONIE,8.0000,NY Tax,1,0,1,
US,NY,12235,COLONIE,8.0000,NY Tax,1,0,1,
US,NY,12236,GUILDERLAND,8.0000,NY Tax,1,0,1,
US,NY,12237,GUILDERLAND,8.0000,NY Tax,1,0,1,
US,NY,12238,GUILDERLAND,8.0000,NY Tax,1,0,1,
US,NY,12239,GUILDERLAND,8.0000,NY Tax,1,0,1,
US,NY,12240,GUILDERLAND,8.0000,NY Tax,1,0,1,
US,NY,12241,GUILDERLAND,8.0000,NY Tax,1,0,1,
US,NY,12242,GUILDERLAND,8.0000,NY Tax,1,0,1,
US,NY,12243,GUILDERLAND,8.0000,NY Tax,1,0,1,
US,NY,12244,GUILDERLAND,8.0000,NY Tax,1,0,1,
US,NY,12245,GUILDERLAND,8.0000,NY Tax,1,0,1,
US,NY,12246,MENANDS VILLAGE,8.0000,NY Tax,1,0,1,
US,NY,12247,GUILDERLAND,8.0000,NY Tax,1,0,1,
US,NY,12248,GUILDERLAND,8.0000,NY Tax,1,0,1,
US,NY,12249,GUILDERLAND,8.0000,NY Tax,1,0,1,
US,NY,12250,GUILDERLAND,8.0000,NY Tax,1,0,1,
US,NY,12255,COLONIE,8.0000,NY Tax,1,0,1,
US,NY,12257,GUILDERLAND,8.0000,NY Tax,1,0,1,
US,NY,12260,GUILDERLAND,8.0000,NY Tax,1,0,1,
US,NY,12288,GUILDERLAND,8.0000,NY Tax,1,0,1,
US,NY,12301,SCHENECTADY,8.0000,NY Tax,1,0,1,
US,NY,12302,GLENVILLE,8.0000,NY Tax,1,0,1,
US,NY,12303,ROTTERDAM,8.0000,NY Tax,1,0,1,
US,NY,12304,SCHENECTADY,8.0000,NY Tax,1,0,1,
US,NY,12305,SCHENECTADY,8.0000,NY Tax,1,0,1,
US,NY,12306,ROTTERDAM,8.0000,NY Tax,1,0,1,
US,NY,12307,SCHENECTADY,8.0000,NY Tax,1,0,1,
US,NY,12308,SCHENECTADY,8.0000,NY Tax,1,0,1,
US,NY,12309,NISKAYUNA,8.0000,NY Tax,1,0,1,
US,NY,12345,SCHENECTADY,8.0000,NY Tax,1,0,1,
US,NY,12401,KINGSTON CITY,8.0000,NY Tax,1,0,1,
US,NY,12402,KINGSTON CITY,8.0000,NY Tax,1,0,1,
US,NY,12404,ROCHESTER TOWN,8.0000,NY Tax,1,0,1,
US,NY,12405,CAIRO,8.0000,NY Tax,1,0,1,
US,NY,12406,MIDDLETOWN TOWN,8.0000,NY Tax,1,0,1,
US,NY,12407,ASHLAND, GREENE COUNTY,8.0000,NY Tax,1,0,1,
US,NY,12409,WOODSTOCK,8.0000,NY Tax,1,0,1,
US,NY,12410,SHANDAKEN,8.0000,NY Tax,1,0,1,
US,NY,12411,ROSENDALE,8.0000,NY Tax,1,0,1,
US,NY,12412,OLIVE,8.0000,NY Tax,1,0,1,
US,NY,12413,CAIRO,8.0000,NY Tax,1,0,1,
US,NY,12414,CATSKILL,8.0000,NY Tax,1,0,1,
US,NY,12416,SHANDAKEN,8.0000,NY Tax,1,0,1,
US,NY,12417,ESOPUS,8.0000,NY Tax,1,0,1,
US,NY,12418,DURHAM,8.0000,NY Tax,1,0,1,
US,NY,12419,ROSENDALE,8.0000,NY Tax,1,0,1,
US,NY,12420,WAWARSING,8.0000,NY Tax,1,0,1,
US,NY,12421,ROXBURY,8.0000,NY Tax,1,0,1,
US,NY,12422,DURHAM,8.0000,NY Tax,1,0,1,
US,NY,12423,DURHAM,8.0000,NY Tax,1,0,1,
US,NY,12424,JEWETT,8.0000,NY Tax,1,0,1,
US,NY,12427,HUNTER,8.0000,NY Tax,1,0,1,
US,NY,12428,ELLENVILLE VILLAGE,8.0000,NY Tax,1,0,1,
US,NY,12429,ESOPUS,8.0000,NY Tax,1,0,1,
US,NY,12430,HALCOTT,8.0000,NY Tax,1,0,1,
US,NY,12431,GREENVILLE, GREENE COUNTY,8.0000,NY Tax,1,0,1,
US,NY,12432,SAUGERTIES,8.0000,NY Tax,1,0,1,
US,NY,12433,HURLEY,8.0000,NY Tax,1,0,1,
US,NY,12434,ROXBURY,8.0000,NY Tax,1,0,1,
US,NY,12435,WAWARSING,8.0000,NY Tax,1,0,1,
US,NY,12436,HUNTER,8.0000,NY Tax,1,0,1,
US,NY,12438,MIDDLETOWN TOWN,8.0000,NY Tax,1,0,1,
US,NY,12439,WINDHAM,8.0000,NY Tax,1,0,1,
US,NY,12440,MARBLETOWN,8.0000,NY Tax,1,0,1,
US,NY,12441,SHANDAKEN,8.0000,NY Tax,1,0,1,
US,NY,12442,JEWETT,8.0000,NY Tax,1,0,1,
US,NY,12443,HURLEY,8.0000,NY Tax,1,0,1,
US,NY,12444,JEWETT,8.0000,NY Tax,1,0,1,
US,NY,12446,ROCHESTER TOWN,8.0000,NY Tax,1,0,1,
US,NY,12448,WOODSTOCK,8.0000,NY Tax,1,0,1,
US,NY,12449,ULSTER,8.0000,NY Tax,1,0,1,
US,NY,12450,HUNTER,8.0000,NY Tax,1,0,1,
US,NY,12451,CAIRO,8.0000,NY Tax,1,0,1,
US,NY,12452,LEXINGTON,8.0000,NY Tax,1,0,1,
US,NY,12453,SAUGERTIES,8.0000,NY Tax,1,0,1,
US,NY,12454,WINDHAM,8.0000,NY Tax,1,0,1,
US,NY,12455,MIDDLETOWN TOWN,8.0000,NY Tax,1,0,1,
US,NY,12456,SAUGERTIES,8.0000,NY Tax,1,0,1,
US,NY,12457,SHANDAKEN,8.0000,NY Tax,1,0,1,
US,NY,12458,WAWARSING,8.0000,NY Tax,1,0,1,
US,NY,12459,MIDDLETOWN TOWN,8.0000,NY Tax,1,0,1,
US,NY,12460,DURHAM,8.0000,NY Tax,1,0,1,
US,NY,12461,OLIVE,8.0000,NY Tax,1,0,1,
US,NY,12463,CATSKILL,8.0000,NY Tax,1,0,1,
US,NY,12464,SHANDAKEN,8.0000,NY Tax,1,0,1,
US,NY,12465,SHANDAKEN,8.0000,NY Tax,1,0,1,
US,NY,12466,ESOPUS,8.0000,NY Tax,1,0,1,
US,NY,12468,PRATTSVILLE,8.0000,NY Tax,1,0,1,
US,NY,12469,RENSSELAERVILLE,8.0000,NY Tax,1,0,1,
US,NY,12470,CAIRO,8.0000,NY Tax,1,0,1,
US,NY,12471,ESOPUS,8.0000,NY Tax,1,0,1,
US,NY,12472,ROSENDALE,8.0000,NY Tax,1,0,1,
US,NY,12473,CAIRO,8.0000,NY Tax,1,0,1,
US,NY,12474,ROXBURY,8.0000,NY Tax,1,0,1,
US,NY,12475,ULSTER,8.0000,NY Tax,1,0,1,
US,NY,12477,SAUGERTIES,8.0000,NY Tax,1,0,1,
US,NY,12480,SHANDAKEN,8.0000,NY Tax,1,0,1,
US,NY,12481,OLIVE,8.0000,NY Tax,1,0,1,
US,NY,12482,CAIRO,8.0000,NY Tax,1,0,1,
US,NY,12483,WAWARSING,8.0000,NY Tax,1,0,1,
US,NY,12484,MARBLETOWN,8.0000,NY Tax,1,0,1,
US,NY,12485,HUNTER,8.0000,NY Tax,1,0,1,
US,NY,12486,ROSENDALE,8.0000,NY Tax,1,0,1,
US,NY,12487,ESOPUS,8.0000,NY Tax,1,0,1,
US,NY,12489,WAWARSING,8.0000,NY Tax,1,0,1,
US,NY,12490,SAUGERTIES,8.0000,NY Tax,1,0,1,
US,NY,12491,HURLEY,8.0000,NY Tax,1,0,1,
US,NY,12492,LEXINGTON,8.0000,NY Tax,1,0,1,
US,NY,12493,ESOPUS,8.0000,NY Tax,1,0,1,
US,NY,12494,OLIVE,8.0000,NY Tax,1,0,1,
US,NY,12495,WOODSTOCK,8.0000,NY Tax,1,0,1,
US,NY,12496,WINDHAM,8.0000,NY Tax,1,0,1,
US,NY,12498,WOODSTOCK,8.0000,NY Tax,1,0,1,
US,NY,12501,AMENIA,8.1250,NY Tax,1,0,1,
US,NY,12502,ANCRAM,8.0000,NY Tax,1,0,1,
US,NY,12503,ANCRAM,8.0000,NY Tax,1,0,1,
US,NY,12504,RED HOOK,8.1250,NY Tax,1,0,1,
US,NY,12506,STANFORD,8.1250,NY Tax,1,0,1,
US,NY,12507,RED HOOK,8.1250,NY Tax,1,0,1,
US,NY,12508,BEACON,8.1250,NY Tax,1,0,1,
US,NY,12510,LA GRANGE,8.1250,NY Tax,1,0,1,
US,NY,12511,FISHKILL,8.1250,NY Tax,1,0,1,
US,NY,12512,WAPPINGER,8.1250,NY Tax,1,0,1,
US,NY,12513,CLAVERACK,8.0000,NY Tax,1,0,1,
US,NY,12514,CLINTON, DUTCHES COUNTY,8.1250,NY Tax,1,0,1,
US,NY,12515,PLATTEKILL,8.0000,NY Tax,1,0,1,
US,NY,12516,COPAKE,8.0000,NY Tax,1,0,1,
US,NY,12517,COPAKE,8.0000,NY Tax,1,0,1,
US,NY,12518,CORNWALL,8.1250,NY Tax,1,0,1,
US,NY,12520,CORNWALL ON HUDSON,8.1250,NY Tax,1,0,1,
US,NY,12521,TAGHKANIC,8.0000,NY Tax,1,0,1,
US,NY,12522,DOVER,8.1250,NY Tax,1,0,1,
US,NY,12523,LIVINGSTON,8.0000,NY Tax,1,0,1,
US,NY,12524,FISHKILL,8.1250,NY Tax,1,0,1,
US,NY,12525,GARDINER,8.0000,NY Tax,1,0,1,
US,NY,12526,GERMANTOWN,8.0000,NY Tax,1,0,1,
US,NY,12527,FISHKILL,8.1250,NY Tax,1,0,1,
US,NY,12528,LLOYD,8.0000,NY Tax,1,0,1,
US,NY,12529,HILLSDALE,8.0000,NY Tax,1,0,1,
US,NY,12530,CLAVERACK,8.0000,NY Tax,1,0,1,
US,NY,12531,PAWLING,8.1250,NY Tax,1,0,1,
US,NY,12533,EAST FISHKILL,8.1250,NY Tax,1,0,1,
US,NY,12534,HUDSON,8.0000,NY Tax,1,0,1,
US,NY,12537,WAPPINGER,8.1250,NY Tax,1,0,1,
US,NY,12538,HYDE PARK,8.1250,NY Tax,1,0,1,
US,NY,12540,LA GRANGE,8.1250,NY Tax,1,0,1,
US,NY,12541,LIVINGSTON,8.0000,NY Tax,1,0,1,
US,NY,12542,MARLBOROUGH,8.0000,NY Tax,1,0,1,
US,NY,12543,MAYBROOK VILLAGE,8.1250,NY Tax,1,0,1,
US,NY,12544,CLAVERACK,8.0000,NY Tax,1,0,1,
US,NY,12545,WASHINGTON,8.1250,NY Tax,1,0,1,
US,NY,12546,NORTH EAST,8.1250,NY Tax,1,0,1,
US,NY,12547,MARLBOROUGH,8.0000,NY Tax,1,0,1,
US,NY,12548,PLATTEKILL,8.0000,NY Tax,1,0,1,
US,NY,12549,MONTGOMERY,8.1250,NY Tax,1,0,1,
US,NY,12550,NEWBURGH CITY,8.1250,NY Tax,1,0,1,
US,NY,12551,NEWBURGH CITY,8.1250,NY Tax,1,0,1,
US,NY,12552,NEWBURGH CITY,8.1250,NY Tax,1,0,1,
US,NY,12553,NEW WINDSOR,8.1250,NY Tax,1,0,1,
US,NY,12555,NEWBURGH TOWN,8.1250,NY Tax,1,0,1,
US,NY,12561,NEW PALTZ VILLAGE,8.0000,NY Tax,1,0,1,
US,NY,12563,PATTERSON,8.3750,NY Tax,1,0,1,
US,NY,12564,PAWLING,8.1250,NY Tax,1,0,1,
US,NY,12565,PHILMONT VILLAGE,8.0000,NY Tax,1,0,1,
US,NY,12566,SHAWANGUNK,8.0000,NY Tax,1,0,1,
US,NY,12567,PINE PLAINS,8.1250,NY Tax,1,0,1,
US,NY,12568,PLATTEKILL,8.0000,NY Tax,1,0,1,
US,NY,12569,PLEASANT VALLEY,8.1250,NY Tax,1,0,1,
US,NY,12570,BEEKMAN,8.1250,NY Tax,1,0,1,
US,NY,12571,RED HOOK,8.1250,NY Tax,1,0,1,
US,NY,12572,RHINEBECK,8.1250,NY Tax,1,0,1,
US,NY,12574,RHINEBECK,8.1250,NY Tax,1,0,1,
US,NY,12575,NEW WINDSOR,8.1250,NY Tax,1,0,1,
US,NY,12577,BLOOMING GROVE,8.1250,NY Tax,1,0,1,
US,NY,12578,PLEASANT VALLEY,8.1250,NY Tax,1,0,1,
US,NY,12580,HYDE PARK,8.1250,NY Tax,1,0,1,
US,NY,12581,STANFORD,8.1250,NY Tax,1,0,1,
US,NY,12582,EAST FISHKILL,8.1250,NY Tax,1,0,1,
US,NY,12583,TIVOLI VILLAGE,8.1250,NY Tax,1,0,1,
US,NY,12584,NEW WINDSOR,8.1250,NY Tax,1,0,1,
US,NY,12585,UNION VALE,8.1250,NY Tax,1,0,1,
US,NY,12586,WALDEN VILLAGE,8.1250,NY Tax,1,0,1,
US,NY,12588,SHAWANGUNK,8.0000,NY Tax,1,0,1,
US,NY,12589,SHAWANGUNK,8.0000,NY Tax,1,0,1,
US,NY,12590,WAPPINGER,8.1250,NY Tax,1,0,1,
US,NY,12592,AMENIA,8.1250,NY Tax,1,0,1,
US,NY,12594,DOVER,8.1250,NY Tax,1,0,1,
US,NY,12601,POUGHKEEPSIE CITY,8.1250,NY Tax,1,0,1,
US,NY,12602,POUGHKEEPSIE CITY,8.1250,NY Tax,1,0,1,
US,NY,12603,POUGHKEEPSIE,8.1250,NY Tax,1,0,1,
US,NY,12604,POUGHKEEPSIE,8.1250,NY Tax,1,0,1,
US,NY,12701,MONTICELLO VILLAGE,8.0000,NY Tax,1,0,1,
US,NY,12719,HIGHLAND, NY,8.0000,NY Tax,1,0,1,
US,NY,12720,BETHEL,8.0000,NY Tax,1,0,1,
US,NY,12721,MAMAKATING,8.0000,NY Tax,1,0,1,
US,NY,12722,MAMAKATING,8.0000,NY Tax,1,0,1,
US,NY,12723,DELAWARE,8.0000,NY Tax,1,0,1,
US,NY,12724,CALLICOON,8.0000,NY Tax,1,0,1,
US,NY,12725,NEVERSINK,8.0000,NY Tax,1,0,1,
US,NY,12726,COHECTON,8.0000,NY Tax,1,0,1,
US,NY,12727,COHECTON,8.0000,NY Tax,1,0,1,
US,NY,12729,DEERPARK,8.1250,NY Tax,1,0,1,
US,NY,12732,HIGHLAND, NY,8.0000,NY Tax,1,0,1,
US,NY,12733,FALLSBURG,8.0000,NY Tax,1,0,1,
US,NY,12734,LIBERTY TOWN,8.0000,NY Tax,1,0,1,
US,NY,12736,FREMONT, SULLIVAN COUNTY,8.0000,NY Tax,1,0,1,
US,NY,12737,LUMBERLAND,8.0000,NY Tax,1,0,1,
US,NY,12738,FALLSBURG,8.0000,NY Tax,1,0,1,
US,NY,12740,NEVERSINK,8.0000,NY Tax,1,0,1,
US,NY,12741,FREMONT, SULLIVAN COUNTY,8.0000,NY Tax,1,0,1,
US,NY,12742,THOMPSON,8.0000,NY Tax,1,0,1,
US,NY,12743,HIGHLAND, NY,8.0000,NY Tax,1,0,1,
US,NY,12745,DELAWARE,8.0000,NY Tax,1,0,1,
US,NY,12746,DEERPARK,8.1250,NY Tax,1,0,1,
US,NY,12747,FALLSBURG,8.0000,NY Tax,1,0,1,
US,NY,12748,CALLICOON,8.0000,NY Tax,1,0,1,
US,NY,12749,BETHEL,8.0000,NY Tax,1,0,1,
US,NY,12750,DELAWARE,8.0000,NY Tax,1,0,1,
US,NY,12751,THOMPSON,8.0000,NY Tax,1,0,1,
US,NY,12752,COHECTON,8.0000,NY Tax,1,0,1,
US,NY,12754,LIBERTY VILLAGE,8.0000,NY Tax,1,0,1,
US,NY,12758,ROCKLAND,8.0000,NY Tax,1,0,1,
US,NY,12759,FALLSBURG,8.0000,NY Tax,1,0,1,
US,NY,12760,HANCOCK,8.0000,NY Tax,1,0,1,
US,NY,12762,BETHEL,8.0000,NY Tax,1,0,1,
US,NY,12763,FALLSBURG,8.0000,NY Tax,1,0,1,
US,NY,12764,TUSTEN,8.0000,NY Tax,1,0,1,
US,NY,12765,NEVERSINK,8.0000,NY Tax,1,0,1,
US,NY,12766,CALLICOON,8.0000,NY Tax,1,0,1,
US,NY,12767,FREMONT, SULLIVAN COUNTY,8.0000,NY Tax,1,0,1,
US,NY,12768,LIBERTY TOWN,8.0000,NY Tax,1,0,1,
US,NY,12769,MAMAKATING,8.0000,NY Tax,1,0,1,
US,NY,12770,LUMBERLAND,8.0000,NY Tax,1,0,1,
US,NY,12771,PORT JERVIS,8.1250,NY Tax,1,0,1,
US,NY,12775,THOMPSON,8.0000,NY Tax,1,0,1,
US,NY,12776,COLCHESTER,8.0000,NY Tax,1,0,1,
US,NY,12777,FORESTBURGH,8.0000,NY Tax,1,0,1,
US,NY,12778,BETHEL,8.0000,NY Tax,1,0,1,
US,NY,12779,FALLSBURG,8.0000,NY Tax,1,0,1,
US,NY,12780,DEERPARK,8.1250,NY Tax,1,0,1,
US,NY,12781,MAMAKATING,8.0000,NY Tax,1,0,1,
US,NY,12783,BETHEL,8.0000,NY Tax,1,0,1,
US,NY,12784,THOMPSON,8.0000,NY Tax,1,0,1,
US,NY,12785,MAMAKATING,8.0000,NY Tax,1,0,1,
US,NY,12786,BETHEL,8.0000,NY Tax,1,0,1,
US,NY,12787,LIBERTY TOWN,8.0000,NY Tax,1,0,1,
US,NY,12788,FALLSBURG,8.0000,NY Tax,1,0,1,
US,NY,12789,FALLSBURG,8.0000,NY Tax,1,0,1,
US,NY,12790,MAMAKATING,8.0000,NY Tax,1,0,1,
US,NY,12791,CALLICOON,8.0000,NY Tax,1,0,1,
US,NY,12792,HIGHLAND, NY,8.0000,NY Tax,1,0,1,
US,NY,12801,GLENS FALLS,7.0000,NY Tax,1,0,1,
US,NY,12803,SOUTH GLENS FALLS VILLAGE,7.0000,NY Tax,1,0,1,
US,NY,12804,QUEENSBURY,7.0000,NY Tax,1,0,1,
US,NY,12808,HORICON,7.0000,NY Tax,1,0,1,
US,NY,12809,ARGYLE,7.0000,NY Tax,1,0,1,
US,NY,12810,THURMAN,7.0000,NY Tax,1,0,1,
US,NY,12811,JOHNSBURG,7.0000,NY Tax,1,0,1,
US,NY,12812,INDIAN LAKE,8.0000,NY Tax,1,0,1,
US,NY,12814,BOLTON,7.0000,NY Tax,1,0,1,
US,NY,12815,HORICON,7.0000,NY Tax,1,0,1,
US,NY,12816,JACKSON,7.0000,NY Tax,1,0,1,
US,NY,12817,CHESTER, WARREN COUNTY,7.0000,NY Tax,1,0,1,
US,NY,12819,DRESDEN,7.0000,NY Tax,1,0,1,
US,NY,12820,QUEENSBURY,7.0000,NY Tax,1,0,1,
US,NY,12821,FORT ANN,7.0000,NY Tax,1,0,1,
US,NY,12822,CORINTH VILLAGE,7.0000,NY Tax,1,0,1,
US,NY,12823,GREENWICH,7.0000,NY Tax,1,0,1,
US,NY,12824,BOLTON,7.0000,NY Tax,1,0,1,
US,NY,12827,FORT ANN,7.0000,NY Tax,1,0,1,
US,NY,12828,FORT EDWARD VILLAGE,7.0000,NY Tax,1,0,1,
US,NY,12831,WILTON,7.0000,NY Tax,1,0,1,
US,NY,12832,GRANVILLE,7.0000,NY Tax,1,0,1,
US,NY,12833,GREENFIELD,7.0000,NY Tax,1,0,1,
US,NY,12834,GREENWICH,7.0000,NY Tax,1,0,1,
US,NY,12835,HADLEY,7.0000,NY Tax,1,0,1,
US,NY,12836,HAGUE,7.0000,NY Tax,1,0,1,
US,NY,12837,HAMPTON,7.0000,NY Tax,1,0,1,
US,NY,12838,HARTFORD,7.0000,NY Tax,1,0,1,
US,NY,12839,HUDSON FALLS VILAGE,7.0000,NY Tax,1,0,1,
US,NY,12841,DRESDEN,7.0000,NY Tax,1,0,1,
US,NY,12842,INDIAN LAKE,8.0000,NY Tax,1,0,1,
US,NY,12843,JOHNSBURG,7.0000,NY Tax,1,0,1,
US,NY,12844,FORT ANN,7.0000,NY Tax,1,0,1,
US,NY,12845,LAKE GEORGE TOWN,7.0000,NY Tax,1,0,1,
US,NY,12846,LAKE LUZERNE,7.0000,NY Tax,1,0,1,
US,NY,12847,LONG LAKE,8.0000,NY Tax,1,0,1,
US,NY,12848,GREENWICH,7.0000,NY Tax,1,0,1,
US,NY,12849,GRANVILLE,7.0000,NY Tax,1,0,1,
US,NY,12850,GREENFIELD,7.0000,NY Tax,1,0,1,
US,NY,12851,MINERVA,8.0000,NY Tax,1,0,1,
US,NY,12852,NEWCOMB,8.0000,NY Tax,1,0,1,
US,NY,12853,JOHNSBURG,7.0000,NY Tax,1,0,1,
US,NY,12854,GRANVILLE,7.0000,NY Tax,1,0,1,
US,NY,12855,NORTH HUDSON,8.0000,NY Tax,1,0,1,
US,NY,12856,JOHNSBURG,7.0000,NY Tax,1,0,1,
US,NY,12857,MINERVA,8.0000,NY Tax,1,0,1,
US,NY,12858,SCHROON,8.0000,NY Tax,1,0,1,
US,NY,12859,GREENFIELD,7.0000,NY Tax,1,0,1,
US,NY,12860,CHESTER, WARREN COUNTY,7.0000,NY Tax,1,0,1,
US,NY,12861,PUTNAM,7.0000,NY Tax,1,0,1,
US,NY,12862,JOHNSBURG,7.0000,NY Tax,1,0,1,
US,NY,12863,MILTON,7.0000,NY Tax,1,0,1,
US,NY,12864,INDIAN LAKE,8.0000,NY Tax,1,0,1,
US,NY,12865,SALEM,7.0000,NY Tax,1,0,1,
US,NY,12866,SARATOGA SPRINGS,7.0000,NY Tax,1,0,1,
US,NY,12870,SCHROON,8.0000,NY Tax,1,0,1,
US,NY,12871,SCHUYLERVILLE VILLAGE,7.0000,NY Tax,1,0,1,
US,NY,12872,SCHROON,8.0000,NY Tax,1,0,1,
US,NY,12873,SALEM,7.0000,NY Tax,1,0,1,
US,NY,12874,HAGUE,7.0000,NY Tax,1,0,1,
US,NY,12878,STONY CREEK,7.0000,NY Tax,1,0,1,
US,NY,12883,TICONDEROGA,8.0000,NY Tax,1,0,1,
US,NY,12884,VICTORY VILLAGE,7.0000,NY Tax,1,0,1,
US,NY,12885,WARRENSBURG,7.0000,NY Tax,1,0,1,
US,NY,12886,JOHNSBURG,7.0000,NY Tax,1,0,1,
US,NY,12887,WHITEHALL,7.0000,NY Tax,1,0,1,
US,NY,12901,PLATTSBURG CITY,8.0000,NY Tax,1,0,1,
US,NY,12903,PLATTSBURG CITY,8.0000,NY Tax,1,0,1,
US,NY,12910,ALTONA,8.0000,NY Tax,1,0,1,
US,NY,12911,AU SABLE,8.0000,NY Tax,1,0,1,
US,NY,12912,BLACK BROOK,8.0000,NY Tax,1,0,1,
US,NY,12913,SAINT ARMAND,8.0000,NY Tax,1,0,1,
US,NY,12914,BOMBAY,8.0000,NY Tax,1,0,1,
US,NY,12915,BELLMONT,8.0000,NY Tax,1,0,1,
US,NY,12916,MOIRA,8.0000,NY Tax,1,0,1,
US,NY,12917,BURKE,8.0000,NY Tax,1,0,1,
US,NY,12918,SARANAC,8.0000,NY Tax,1,0,1,
US,NY,12919,CHAMPLAIN,8.0000,NY Tax,1,0,1,
US,NY,12920,CHATEAUGAY,8.0000,NY Tax,1,0,1,
US,NY,12921,CHAZY,8.0000,NY Tax,1,0,1,
US,NY,12922,COLTON,8.0000,NY Tax,1,0,1,
US,NY,12923,CLINTON, CLINTON COUNTY,8.0000,NY Tax,1,0,1,
US,NY,12924,AU SABLE,8.0000,NY Tax,1,0,1,
US,NY,12926,CONSTABLE,8.0000,NY Tax,1,0,1,
US,NY,12927,CLIFTON,8.0000,NY Tax,1,0,1,
US,NY,12928,CROWN POINT,8.0000,NY Tax,1,0,1,
US,NY,12929,DANNEMORA,8.0000,NY Tax,1,0,1,
US,NY,12930,DICKINSON, FRANKLIN COUNTY,8.0000,NY Tax,1,0,1,
US,NY,12932,ELIZABETHTOWN,8.0000,NY Tax,1,0,1,
US,NY,12933,ELLENBURG,8.0000,NY Tax,1,0,1,
US,NY,12934,ELLENBURG,8.0000,NY Tax,1,0,1,
US,NY,12935,ALTONA,8.0000,NY Tax,1,0,1,
US,NY,12936,ESSEX,8.0000,NY Tax,1,0,1,
US,NY,12937,FORT COVINGTON,8.0000,NY Tax,1,0,1,
US,NY,12939,BRIGHTON, FRANKLIN COUNTY,8.0000,NY Tax,1,0,1,
US,NY,12941,JAY,8.0000,NY Tax,1,0,1,
US,NY,12942,KEENE,8.0000,NY Tax,1,0,1,
US,NY,12943,KEENE,8.0000,NY Tax,1,0,1,
US,NY,12944,CHESTERFIELD,8.0000,NY Tax,1,0,1,
US,NY,12945,HARRIETSTOWN,8.0000,NY Tax,1,0,1,
US,NY,12946,LAKE PLACID VILLAGE,8.0000,NY Tax,1,0,1,
US,NY,12950,LEWIS, ESSEX COUNTY,8.0000,NY Tax,1,0,1,
US,NY,12952,DANNEMORA,8.0000,NY Tax,1,0,1,
US,NY,12953,MALONE VILLAGE,8.0000,NY Tax,1,0,1,
US,NY,12955,ELLENBURG,8.0000,NY Tax,1,0,1,
US,NY,12956,MORIAH,8.0000,NY Tax,1,0,1,
US,NY,12957,MOIRA,8.0000,NY Tax,1,0,1,
US,NY,12958,MOOERS,8.0000,NY Tax,1,0,1,
US,NY,12959,MOOERS,8.0000,NY Tax,1,0,1,
US,NY,12960,MORIAH,8.0000,NY Tax,1,0,1,
US,NY,12961,MORIAH,8.0000,NY Tax,1,0,1,
US,NY,12962,SCHUYLER FALLS,8.0000,NY Tax,1,0,1,
US,NY,12964,ELIZABETHTOWN,8.0000,NY Tax,1,0,1,
US,NY,12965,LAWRENCE,8.0000,NY Tax,1,0,1,
US,NY,12966,BANGOR,8.0000,NY Tax,1,0,1,
US,NY,12967,LAWRENCE,8.0000,NY Tax,1,0,1,
US,NY,12969,BELLMONT,8.0000,NY Tax,1,0,1,
US,NY,12970,BRIGHTON, FRANKLIN COUNTY,8.0000,NY Tax,1,0,1,
US,NY,12972,PERU,8.0000,NY Tax,1,0,1,
US,NY,12973,PIERCEFIELD,8.0000,NY Tax,1,0,1,
US,NY,12974,MORIAH,8.0000,NY Tax,1,0,1,
US,NY,12975,CHESTERFIELD,8.0000,NY Tax,1,0,1,
US,NY,12976,BRIGHTON, FRANKLIN COUNTY,8.0000,NY Tax,1,0,1,
US,NY,12977,NORTH ELBA,8.0000,NY Tax,1,0,1,
US,NY,12978,SARANAC,8.0000,NY Tax,1,0,1,
US,NY,12979,ROUSES POINT VILLAGE,8.0000,NY Tax,1,0,1,
US,NY,12980,WAVERLY,8.0000,NY Tax,1,0,1,
US,NY,12981,SARANAC,8.0000,NY Tax,1,0,1,
US,NY,12983,SARANAC LAKE VILLAGE,8.0000,NY Tax,1,0,1,
US,NY,12985,BLACK BROOK,8.0000,NY Tax,1,0,1,
US,NY,12986,TUPPER LAKE VILLAGE,8.0000,NY Tax,1,0,1,
US,NY,12987,JAY,8.0000,NY Tax,1,0,1,
US,NY,12989,FRANKLIN, FRANKLIN COUNTY,8.0000,NY Tax,1,0,1,
US,NY,12992,CHAZY,8.0000,NY Tax,1,0,1,
US,NY,12993,WESTPORT,8.0000,NY Tax,1,0,1,
US,NY,12995,MALONE VILLAGE,8.0000,NY Tax,1,0,1,
US,NY,12996,WILLSBORO,8.0000,NY Tax,1,0,1,
US,NY,12997,WILMINGTON,8.0000,NY Tax,1,0,1,
US,NY,12998,MORIAH,8.0000,NY Tax,1,0,1,
US,NY,13020,FABIUS,8.0000,NY Tax,1,0,1,
US,NY,13021,AUBURN,8.0000,NY Tax,1,0,1,
US,NY,13022,AUBURN,8.0000,NY Tax,1,0,1,
US,NY,13024,AUBURN,8.0000,NY Tax,1,0,1,
US,NY,13026,LEDYARD,8.0000,NY Tax,1,0,1,
US,NY,13027,LYSANDER,8.0000,NY Tax,1,0,1,
US,NY,13028,CONSTANTIA,8.0000,NY Tax,1,0,1,
US,NY,13029,CICERO,8.0000,NY Tax,1,0,1,
US,NY,13030,SULLIVAN,8.0000,NY Tax,1,0,1,
US,NY,13031,CAMILLUS, NY,8.0000,NY Tax,1,0,1,
US,NY,13032,LENOX,8.0000,NY Tax,1,0,1,
US,NY,13033,IRA,8.0000,NY Tax,1,0,1,
US,NY,13034,SPRINGPORT,8.0000,NY Tax,1,0,1,
US,NY,13035,CAZENOVIA VILLAGE,8.0000,NY Tax,1,0,1,
US,NY,13036,HASTINGS,8.0000,NY Tax,1,0,1,
US,NY,13037,CHITTENANGO VILLAGE,8.0000,NY Tax,1,0,1,
US,NY,13039,CICERO,8.0000,NY Tax,1,0,1,
US,NY,13040,CINCINNATUS,8.0000,NY Tax,1,0,1,
US,NY,13041,CLAY,8.0000,NY Tax,1,0,1,
US,NY,13042,VIENNA,8.7500,NY Tax,1,0,1,
US,NY,13043,LINCOLN,8.0000,NY Tax,1,0,1,
US,NY,13044,CONSTANTIA,8.0000,NY Tax,1,0,1,
US,NY,13045,CORTLAND,8.0000,NY Tax,1,0,1,
US,NY,13051,POMPEY,8.0000,NY Tax,1,0,1,
US,NY,13052,DERUYTER,8.0000,NY Tax,1,0,1,
US,NY,13053,DRYDEN,8.0000,NY Tax,1,0,1,
US,NY,13054,VERONA,8.7500,NY Tax,1,0,1,
US,NY,13056,HOMER TOWN, NY,8.0000,NY Tax,1,0,1,
US,NY,13057,DE WITT,8.0000,NY Tax,1,0,1,
US,NY,13060,ELBRIDGE,8.0000,NY Tax,1,0,1,
US,NY,13061,NELSON,8.0000,NY Tax,1,0,1,
US,NY,13062,DRYDEN,8.0000,NY Tax,1,0,1,
US,NY,13063,FABIUS,8.0000,NY Tax,1,0,1,
US,NY,13064,FAIR HAVEN VILLAGE,8.0000,NY Tax,1,0,1,
US,NY,13065,FAYETTE, NY,8.0000,NY Tax,1,0,1,
US,NY,13066,FAYETTEVILLE VILLAGE,8.0000,NY Tax,1,0,1,
US,NY,13068,DRYDEN,8.0000,NY Tax,1,0,1,
US,NY,13069,FULTON, OSWEGO COUNTY,8.0000,NY Tax,1,0,1,
US,NY,13071,GENOA,8.0000,NY Tax,1,0,1,
US,NY,13072,GEORGETOWN,8.0000,NY Tax,1,0,1,
US,NY,13073,GROTON VILLAGE,8.0000,NY Tax,1,0,1,
US,NY,13074,HANNIBAL TOWN,8.0000,NY Tax,1,0,1,
US,NY,13076,HASTINGS,8.0000,NY Tax,1,0,1,
US,NY,13077,HOMER VILLAGE,8.0000,NY Tax,1,0,1,
US,NY,13078,DE WITT,8.0000,NY Tax,1,0,1,
US,NY,13080,JORDAN VILLAGE,8.0000,NY Tax,1,0,1,
US,NY,13081,GENOA,8.0000,NY Tax,1,0,1,
US,NY,13082,SULLIVAN,8.0000,NY Tax,1,0,1,
US,NY,13083,BOYLSTON,8.0000,NY Tax,1,0,1,
US,NY,13084,LAFAYETTE,8.0000,NY Tax,1,0,1,
US,NY,13087,HOMER TOWN, NY,8.0000,NY Tax,1,0,1,
US,NY,13088,SALINA,8.0000,NY Tax,1,0,1,
US,NY,13089,CLAY,8.0000,NY Tax,1,0,1,
US,NY,13090,CLAY,8.0000,NY Tax,1,0,1,
US,NY,13092,LOCKE,8.0000,NY Tax,1,0,1,
US,NY,13093,SCRIBA,8.0000,NY Tax,1,0,1,
US,NY,13101,MCGRAW VILLAGE,8.0000,NY Tax,1,0,1,
US,NY,13102,GROTON,8.0000,NY Tax,1,0,1,
US,NY,13103,WEST MONROE,8.0000,NY Tax,1,0,1,
US,NY,13104,MANLIUS TOWN, NY,8.0000,NY Tax,1,0,1,
US,NY,13108,MARCELLUS VILLAGE,8.0000,NY Tax,1,0,1,
US,NY,13110,OTISCO,8.0000,NY Tax,1,0,1,
US,NY,13111,STERLING,8.0000,NY Tax,1,0,1,
US,NY,13112,VAN BUREN,8.0000,NY Tax,1,0,1,
US,NY,13113,MERIDIAN VILLAGE,8.0000,NY Tax,1,0,1,
US,NY,13114,MEXICO,8.0000,NY Tax,1,0,1,
US,NY,13115,MINETTO,8.0000,NY Tax,1,0,1,
US,NY,13116,MINOA VILLAGE,8.0000,NY Tax,1,0,1,
US,NY,13117,MONTEZUMA,8.0000,NY Tax,1,0,1,
US,NY,13118,MORAVIA,8.0000,NY Tax,1,0,1,
US,NY,13119,SKANEATELES,8.0000,NY Tax,1,0,1,
US,NY,13120,ONONDAGA,8.0000,NY Tax,1,0,1,
US,NY,13121,NEW HAVEN,8.0000,NY Tax,1,0,1,
US,NY,13122,CAZENOVIA,8.0000,NY Tax,1,0,1,
US,NY,13123,VIENNA,8.7500,NY Tax,1,0,1,
US,NY,13124,PITCHER,8.0000,NY Tax,1,0,1,
US,NY,13126,OSWEGO COUNTY,8.0000,NY Tax,1,0,1,
US,NY,13131,PARISH,8.0000,NY Tax,1,0,1,
US,NY,13132,SCHROEPPEL,8.0000,NY Tax,1,0,1,
US,NY,13134,SMITHFIELD,8.0000,NY Tax,1,0,1,
US,NY,13135,PHOENIX VILLAGE,8.0000,NY Tax,1,0,1,
US,NY,13136,PITCHER,8.0000,NY Tax,1,0,1,
US,NY,13137,LYSANDER,8.0000,NY Tax,1,0,1,
US,NY,13138,POMPEY,8.0000,NY Tax,1,0,1,
US,NY,13139,VENICE,8.0000,NY Tax,1,0,1,
US,NY,13140,MENTZ,8.0000,NY Tax,1,0,1,
US,NY,13141,PREBLE,8.0000,NY Tax,1,0,1,
US,NY,13142,PULASKI VILLAGE,8.0000,NY Tax,1,0,1,
US,NY,13143,WOLCOTT,8.0000,NY Tax,1,0,1,
US,NY,13144,ORWELL,8.0000,NY Tax,1,0,1,
US,NY,13145,SANDY CREEK,8.0000,NY Tax,1,0,1,
US,NY,13146,SAVANNAH,8.0000,NY Tax,1,0,1,
US,NY,13147,SCIPIO,8.0000,NY Tax,1,0,1,
US,NY,13148,SENECA FALLS,8.0000,NY Tax,1,0,1,
US,NY,13152,SKANEATELES VILLAGE,8.0000,NY Tax,1,0,1,
US,NY,13153,SKANEATELES,8.0000,NY Tax,1,0,1,
US,NY,13154,BUTLER,8.0000,NY Tax,1,0,1,
US,NY,13155,OTSELIC,8.0000,NY Tax,1,0,1,
US,NY,13156,STERLING,8.0000,NY Tax,1,0,1,
US,NY,13157,SYLVAN BEACH VILLAGE,8.7500,NY Tax,1,0,1,
US,NY,13158,TRUXTON,8.0000,NY Tax,1,0,1,
US,NY,13159,TULLY,8.0000,NY Tax,1,0,1,
US,NY,13160,UNION SPRINGS VILLAGE,8.0000,NY Tax,1,0,1,
US,NY,13162,VERONA,8.7500,NY Tax,1,0,1,
US,NY,13163,WAMPSVILLE VILLAGE,8.0000,NY Tax,1,0,1,
US,NY,13164,CAMILLUS, NY,8.0000,NY Tax,1,0,1,
US,NY,13165,WATERLOO VILLAGE,8.0000,NY Tax,1,0,1,
US,NY,13166,WEEDSPORT VILLAGE,8.0000,NY Tax,1,0,1,
US,NY,13167,WEST MONROE,8.0000,NY Tax,1,0,1,
US,NY,13201,SYRACUSE,8.0000,NY Tax,1,0,1,
US,NY,13202,SYRACUSE,8.0000,NY Tax,1,0,1,
US,NY,13203,SYRACUSE,8.0000,NY Tax,1,0,1,
US,NY,13204,SYRACUSE,8.0000,NY Tax,1,0,1,
US,NY,13205,SYRACUSE,8.0000,NY Tax,1,0,1,
US,NY,13206,SYRACUSE,8.0000,NY Tax,1,0,1,
US,NY,13207,SYRACUSE,8.0000,NY Tax,1,0,1,
US,NY,13208,SYRACUSE,8.0000,NY Tax,1,0,1,
US,NY,13209,SOLVAY VILLAGE,8.0000,NY Tax,1,0,1,
US,NY,13210,SYRACUSE,8.0000,NY Tax,1,0,1,
US,NY,13211,SALINA,8.0000,NY Tax,1,0,1,
US,NY,13212,CLAY,8.0000,NY Tax,1,0,1,
US,NY,13214,DE WITT,8.0000,NY Tax,1,0,1,
US,NY,13215,ONONDAGA,8.0000,NY Tax,1,0,1,
US,NY,13217,SYRACUSE,8.0000,NY Tax,1,0,1,
US,NY,13218,SYRACUSE,8.0000,NY Tax,1,0,1,
US,NY,13219,CAMILLUS, NY,8.0000,NY Tax,1,0,1,
US,NY,13220,CLAY,8.0000,NY Tax,1,0,1,
US,NY,13224,SYRACUSE,8.0000,NY Tax,1,0,1,
US,NY,13225,SALINA,8.0000,NY Tax,1,0,1,
US,NY,13235,SYRACUSE,8.0000,NY Tax,1,0,1,
US,NY,13244,SYRACUSE,8.0000,NY Tax,1,0,1,
US,NY,13251,SYRACUSE,8.0000,NY Tax,1,0,1,
US,NY,13252,NORTH SYRACUSE VILLAGE,8.0000,NY Tax,1,0,1,
US,NY,13261,SYRACUSE,8.0000,NY Tax,1,0,1,
US,NY,13290,SYRACUSE,8.0000,NY Tax,1,0,1,
US,NY,13301,BOONVILLE,8.7500,NY Tax,1,0,1,
US,NY,13302,ALBION, OSWEGO COUNTY,8.0000,NY Tax,1,0,1,
US,NY,13303,WESTERN,8.7500,NY Tax,1,0,1,
US,NY,13304,TRENTON,8.7500,NY Tax,1,0,1,
US,NY,13305,CROGHAN,8.0000,NY Tax,1,0,1,
US,NY,13308,VIENNA,8.7500,NY Tax,1,0,1,
US,NY,13309,BOONVILLE,8.7500,NY Tax,1,0,1,
US,NY,13310,EATON,8.0000,NY Tax,1,0,1,
US,NY,13312,GREIG,8.0000,NY Tax,1,0,1,
US,NY,13313,BRIDGEWATER,8.7500,NY Tax,1,0,1,
US,NY,13314,BROOKFIELD,8.0000,NY Tax,1,0,1,
US,NY,13315,BURLINGTON,8.0000,NY Tax,1,0,1,
US,NY,13316,CAMDEN,8.7500,NY Tax,1,0,1,
US,NY,13317,CANAJOHARIE,8.0000,NY Tax,1,0,1,
US,NY,13318,BRIDGEWATER,8.7500,NY Tax,1,0,1,
US,NY,13319,NEW HARTFORD,8.7500,NY Tax,1,0,1,
US,NY,13320,CHERRY VALLEY TOWN,8.0000,NY Tax,1,0,1,
US,NY,13321,KIRKLAND,8.7500,NY Tax,1,0,1,
US,NY,13322,LITCHFIELD,8.2500,NY Tax,1,0,1,
US,NY,13323,KIRKLAND,8.7500,NY Tax,1,0,1,
US,NY,13324,OHIO,8.2500,NY Tax,1,0,1,
US,NY,13325,WEST TURIN,8.0000,NY Tax,1,0,1,
US,NY,13326,COOPERSTOWN VILLAGE,8.0000,NY Tax,1,0,1,
US,NY,13327,CROGHAN,8.0000,NY Tax,1,0,1,
US,NY,13328,MARSHALL,8.7500,NY Tax,1,0,1,
US,NY,13329,DOLGEVILLE VILLAGE,8.2500,NY Tax,1,0,1,
US,NY,13331,WEBB,8.2500,NY Tax,1,0,1,
US,NY,13332,LEBANON,8.0000,NY Tax,1,0,1,
US,NY,13333,SPRINGFIELD,8.0000,NY Tax,1,0,1,
US,NY,13334,EATON,8.0000,NY Tax,1,0,1,
US,NY,13335,EDMESTON,8.0000,NY Tax,1,0,1,
US,NY,13337,OTSEGO,8.0000,NY Tax,1,0,1,
US,NY,13338,FORESTSPORT,8.7500,NY Tax,1,0,1,
US,NY,13339,MINDEN,8.0000,NY Tax,1,0,1,
US,NY,13340,FRANKFORT,8.2500,NY Tax,1,0,1,
US,NY,13341,KIRKLAND,8.7500,NY Tax,1,0,1,
US,NY,13342,NEW LISBON,8.0000,NY Tax,1,0,1,
US,NY,13343,WATSON,8.0000,NY Tax,1,0,1,
US,NY,13345,GREIG,8.0000,NY Tax,1,0,1,
US,NY,13346,HAMILTON VILLAGE,8.0000,NY Tax,1,0,1,
US,NY,13348,HARTWICK,8.0000,NY Tax,1,0,1,
US,NY,13350,HERKIMER VILLAGE,8.2500,NY Tax,1,0,1,
US,NY,13352,TRENTON,8.7500,NY Tax,1,0,1,
US,NY,13353,MOREHOUSE,8.0000,NY Tax,1,0,1,
US,NY,13354,TRENTON,8.7500,NY Tax,1,0,1,
US,NY,13355,HAMILTON TOWN,8.0000,NY Tax,1,0,1,
US,NY,13357,ILION VILLAGE,8.2500,NY Tax,1,0,1,
US,NY,13360,INLET,8.0000,NY Tax,1,0,1,
US,NY,13361,STARK,8.2500,NY Tax,1,0,1,
US,NY,13362,AUGUSTA,8.7500,NY Tax,1,0,1,
US,NY,13363,LEE,8.7500,NY Tax,1,0,1,
US,NY,13364,BROOKFIELD,8.0000,NY Tax,1,0,1,
US,NY,13365,LITTLE FALLS CITY,8.2500,NY Tax,1,0,1,
US,NY,13367,LOWVILLE VILLAGE,8.0000,NY Tax,1,0,1,
US,NY,13368,LYON FALLS VILLAGE,8.0000,NY Tax,1,0,1,
US,NY,13401,ONEIDA,8.7500,NY Tax,1,0,1,
US,NY,13402,MADISON TOWN,8.0000,NY Tax,1,0,1,
US,NY,13403,MARCY,8.7500,NY Tax,1,0,1,
US,NY,13404,MARTINSBURG,8.0000,NY Tax,1,0,1,
US,NY,13406,FAIRFIELD,8.2500,NY Tax,1,0,1,
US,NY,13407,GERMAN FLATTS,8.2500,NY Tax,1,0,1,
US,NY,13408,EATON,8.0000,NY Tax,1,0,1,
US,NY,13409,STOCKBRIDGE,8.0000,NY Tax,1,0,1,
US,NY,13410,NELLISTON VILLAGE,8.0000,NY Tax,1,0,1,
US,NY,13411,PITTSFIELD,8.0000,NY Tax,1,0,1,
US,NY,13413,NEW HARTFORD,8.7500,NY Tax,1,0,1,
US,NY,13415,NEW LISBON,8.0000,NY Tax,1,0,1,
US,NY,13416,NORWAY,8.2500,NY Tax,1,0,1,
US,NY,13417,NEW YORK MILLS VILLAGE,8.7500,NY Tax,1,0,1,
US,NY,13418,BROOKFIELD,8.0000,NY Tax,1,0,1,
US,NY,13420,WEBB,8.2500,NY Tax,1,0,1,
US,NY,13421,ONEIDA,8.0000,NY Tax,1,0,1,
US,NY,13424,ORISKANY VILLAGE,8.7500,NY Tax,1,0,1,
US,NY,13425,AUGUSTA,8.7500,NY Tax,1,0,1,
US,NY,13426,ORWELL,8.0000,NY Tax,1,0,1,
US,NY,13428,PALATINE,8.0000,NY Tax,1,0,1,
US,NY,13431,NEWPORT,8.2500,NY Tax,1,0,1,
US,NY,13433,LYONSDALE,8.0000,NY Tax,1,0,1,
US,NY,13435,TRENTON,8.7500,NY Tax,1,0,1,
US,NY,13436,LONG LAKE,8.0000,NY Tax,1,0,1,
US,NY,13437,REDFIELD,8.0000,NY Tax,1,0,1,
US,NY,13438,REMSEN,8.7500,NY Tax,1,0,1,
US,NY,13439,RICHFIELD,8.0000,NY Tax,1,0,1,
US,NY,13440,ROME,8.7500,NY Tax,1,0,1,
US,NY,13441,ROME,8.7500,NY Tax,1,0,1,
US,NY,13442,ROME,8.7500,NY Tax,1,0,1,
US,NY,13449,ROME,8.7500,NY Tax,1,0,1,
US,NY,13450,MIDDLEFIELD,8.0000,NY Tax,1,0,1,
US,NY,13452,SAINT JOHNSVILLE VILLAGE,8.0000,NY Tax,1,0,1,
US,NY,13454,SALISBURY,8.2500,NY Tax,1,0,1,
US,NY,13455,SANGERFIELD,8.7500,NY Tax,1,0,1,
US,NY,13456,PARIS,8.7500,NY Tax,1,0,1,
US,NY,13457,EXETER,8.0000,NY Tax,1,0,1,
US,NY,13459,SHARON,8.0000,NY Tax,1,0,1,
US,NY,13460,SHERBURNE,8.0000,NY Tax,1,0,1,
US,NY,13461,SHERRILL,8.7500,NY Tax,1,0,1,
US,NY,13464,SMYRNA,8.0000,NY Tax,1,0,1,
US,NY,13468,SPRINGFIELD,8.0000,NY Tax,1,0,1,
US,NY,13469,MARCY,8.7500,NY Tax,1,0,1,
US,NY,13470,STRATFORD,8.0000,NY Tax,1,0,1,
US,NY,13471,ONEIDA,8.7500,NY Tax,1,0,1,
US,NY,13472,WEBB,8.2500,NY Tax,1,0,1,
US,NY,13473,TURIN,8.0000,NY Tax,1,0,1,
US,NY,13475,STARK,8.2500,NY Tax,1,0,1,
US,NY,13476,VERNON,8.7500,NY Tax,1,0,1,
US,NY,13477,VERNON,8.7500,NY Tax,1,0,1,
US,NY,13478,VERONA,8.7500,NY Tax,1,0,1,
US,NY,13479,NEW HARTFORD,8.7500,NY Tax,1,0,1,
US,NY,13480,SANGERFIELD,8.7500,NY Tax,1,0,1,
US,NY,13482,BURLINGTON,8.0000,NY Tax,1,0,1,
US,NY,13483,FLORENCE,8.7500,NY Tax,1,0,1,
US,NY,13484,EATON,8.0000,NY Tax,1,0,1,
US,NY,13485,BROOKFIELD,8.0000,NY Tax,1,0,1,
US,NY,13486,WESTERN,8.7500,NY Tax,1,0,1,
US,NY,13488,WESTFORD,8.0000,NY Tax,1,0,1,
US,NY,13489,LEWIS, LEWIS COUNTY,8.0000,NY Tax,1,0,1,
US,NY,13490,WESTMORELAND,8.7500,NY Tax,1,0,1,
US,NY,13491,WINFIELD,8.2500,NY Tax,1,0,1,
US,NY,13492,WHITESTOWN,8.7500,NY Tax,1,0,1,
US,NY,13493,AMBOY,8.0000,NY Tax,1,0,1,
US,NY,13494,FORESTSPORT,8.7500,NY Tax,1,0,1,
US,NY,13495,YORKVILLE VILLAGE,8.7500,NY Tax,1,0,1,
US,NY,13501,UTICA,8.7500,NY Tax,1,0,1,
US,NY,13502,UTICA,8.7500,NY Tax,1,0,1,
US,NY,13503,UTICA,8.7500,NY Tax,1,0,1,
US,NY,13504,UTICA,8.7500,NY Tax,1,0,1,
US,NY,13505,UTICA,8.7500,NY Tax,1,0,1,
US,NY,13599,UTICA,8.7500,NY Tax,1,0,1,
US,NY,13601,WATERTOWN CITY,8.0000,NY Tax,1,0,1,
US,NY,13602,LE RAY,8.0000,NY Tax,1,0,1,
US,NY,13603,LE RAY,8.0000,NY Tax,1,0,1,
US,NY,13605,ADAMS VILLAGE, NY,8.0000,NY Tax,1,0,1,
US,NY,13606,ADAMS,8.0000,NY Tax,1,0,1,
US,NY,13607,ALEXANDRIA BAY VILLAGE,8.0000,NY Tax,1,0,1,
US,NY,13608,ANTWERP,8.0000,NY Tax,1,0,1,
US,NY,13611,ELLISBURG,8.0000,NY Tax,1,0,1,
US,NY,13612,BLACK RIVER VILLAGE,8.0000,NY Tax,1,0,1,
US,NY,13613,BRASHER,8.0000,NY Tax,1,0,1,
US,NY,13614,MORRISTOWN,8.0000,NY Tax,1,0,1,
US,NY,13615,BROWNVILLE VILLAGE,8.0000,NY Tax,1,0,1,
US,NY,13616,LE RAY,8.0000,NY Tax,1,0,1,
US,NY,13617,CANTON VILLAGE,8.0000,NY Tax,1,0,1,
US,NY,13618,CAPE VINCENT,8.0000,NY Tax,1,0,1,
US,NY,13619,CARTHAGE VILLAGE,8.0000,NY Tax,1,0,1,
US,NY,13620,CROGHAN,8.0000,NY Tax,1,0,1,
US,NY,13621,LOUISVILLE,8.0000,NY Tax,1,0,1,
US,NY,13622,LYME,8.0000,NY Tax,1,0,1,
US,NY,13623,HAMMOND TOWN,8.0000,NY Tax,1,0,1,
US,NY,13624,CLAYTON,8.0000,NY Tax,1,0,1,
US,NY,13625,COLTON,8.0000,NY Tax,1,0,1,
US,NY,13626,COPENHAGEN VILLAGE,8.0000,NY Tax,1,0,1,
US,NY,13628,DEFERIET VILLAGE,8.0000,NY Tax,1,0,1,
US,NY,13630,DE KALB,8.0000,NY Tax,1,0,1,
US,NY,13631,DENMARK,8.0000,NY Tax,1,0,1,
US,NY,13632,CLAYTON,8.0000,NY Tax,1,0,1,
US,NY,13633,DE PEYSTER,8.0000,NY Tax,1,0,1,
US,NY,13634,BROWNVILLE,8.0000,NY Tax,1,0,1,
US,NY,13635,EDWARDS,8.0000,NY Tax,1,0,1,
US,NY,13636,ELLISBURG VILLAGE,8.0000,NY Tax,1,0,1,
US,NY,13637,LE RAY,8.0000,NY Tax,1,0,1,
US,NY,13638,RUTLAND,8.0000,NY Tax,1,0,1,
US,NY,13639,FINE,8.0000,NY Tax,1,0,1,
US,NY,13640,ALEXANDRIA,8.0000,NY Tax,1,0,1,
US,NY,13641,ORLEANS,8.0000,NY Tax,1,0,1,
US,NY,13642,GOUVERNUER VILLAGE,8.0000,NY Tax,1,0,1,
US,NY,13643,CHAMPION,8.0000,NY Tax,1,0,1,
US,NY,13645,FOWLER,8.0000,NY Tax,1,0,1,
US,NY,13646,HAMMOND TOWN,8.0000,NY Tax,1,0,1,
US,NY,13647,PIERREPONT,8.0000,NY Tax,1,0,1,
US,NY,13648,DIANA,8.0000,NY Tax,1,0,1,
US,NY,13649,GOUVERNUER VILLAGE,8.0000,NY Tax,1,0,1,
US,NY,13650,HENDERSON,8.0000,NY Tax,1,0,1,
US,NY,13651,HENDERSON,8.0000,NY Tax,1,0,1,
US,NY,13652,ST. LAWRENCE COUNTY,8.0000,NY Tax,1,0,1,
US,NY,13654,HEUVELTON VILLAGE,8.0000,NY Tax,1,0,1,
US,NY,13655,BOMBAY,8.0000,NY Tax,1,0,1,
US,NY,13656,ORLEANS,8.0000,NY Tax,1,0,1,
US,NY,13657,BROWNVILLE,8.0000,NY Tax,1,0,1,
US,NY,13658,LISBON,8.0000,NY Tax,1,0,1,
US,NY,13659,LORRAINE,8.0000,NY Tax,1,0,1,
US,NY,13660,MADRID,8.0000,NY Tax,1,0,1,
US,NY,13661,ELLISBURG,8.0000,NY Tax,1,0,1,
US,NY,13662,MASSENA VILLAGE,8.0000,NY Tax,1,0,1,
US,NY,13664,MORRISTOWN VILLAGE,8.0000,NY Tax,1,0,1,
US,NY,13665,WILNA,8.0000,NY Tax,1,0,1,
US,NY,13666,CLIFTON,8.0000,NY Tax,1,0,1,
US,NY,13667,NORFOLK,8.0000,NY Tax,1,0,1,
US,NY,13668,NORWOOD VILLAGE,8.0000,NY Tax,1,0,1,
US,NY,13669,OGDENSBURG,8.0000,NY Tax,1,0,1,
US,NY,13670,FINE,8.0000,NY Tax,1,0,1,
US,NY,13671,ANTWERP,8.0000,NY Tax,1,0,1,
US,NY,13672,PARISHVILLE,8.0000,NY Tax,1,0,1,
US,NY,13673,PHILADELPHIA VILLAGE,8.0000,NY Tax,1,0,1,
US,NY,13674,ELLISBURG,8.0000,NY Tax,1,0,1,
US,NY,13675,ALEXANDRIA,8.0000,NY Tax,1,0,1,
US,NY,13676,POTSDAM VILLAGE,8.0000,NY Tax,1,0,1,
US,NY,13677,CANTON,8.0000,NY Tax,1,0,1,
US,NY,13678,NORFOLK,8.0000,NY Tax,1,0,1,
US,NY,13679,ALEXANDRIA,8.0000,NY Tax,1,0,1,
US,NY,13680,RENSSELAER FALLS VILLAGE,8.0000,NY Tax,1,0,1,
US,NY,13681,DE KALB,8.0000,NY Tax,1,0,1,
US,NY,13682,RODMAN,8.0000,NY Tax,1,0,1,
US,NY,13683,MASSENA,8.0000,NY Tax,1,0,1,
US,NY,13684,RUSSELL,8.0000,NY Tax,1,0,1,
US,NY,13685,SACKETS HARBOR VILLAGE,8.0000,NY Tax,1,0,1,
US,NY,13687,COLTON,8.0000,NY Tax,1,0,1,
US,NY,13690,FINE,8.0000,NY Tax,1,0,1,
US,NY,13691,THERESA,8.0000,NY Tax,1,0,1,
US,NY,13692,ORLEANS,8.0000,NY Tax,1,0,1,
US,NY,13693,LYME,8.0000,NY Tax,1,0,1,
US,NY,13694,WADDINGTON VILLAGE,8.0000,NY Tax,1,0,1,
US,NY,13695,FINE,8.0000,NY Tax,1,0,1,
US,NY,13696,STOCKHOLM,8.0000,NY Tax,1,0,1,
US,NY,13697,STOCKHOLM,8.0000,NY Tax,1,0,1,
US,NY,13699,POTSDAM VILLAGE,8.0000,NY Tax,1,0,1,
US,NY,13730,AFTON,8.0000,NY Tax,1,0,1,
US,NY,13731,ANDES,8.0000,NY Tax,1,0,1,
US,NY,13732,OWEGO,8.0000,NY Tax,1,0,1,
US,NY,13733,BAINBRIDGE VILLAGE,8.0000,NY Tax,1,0,1,
US,NY,13734,TIOGA,8.0000,NY Tax,1,0,1,
US,NY,13736,BERKSHIRE,8.0000,NY Tax,1,0,1,
US,NY,13737,JOHNSON CITY VILLAGE,8.0000,NY Tax,1,0,1,
US,NY,13738,CORTLANDVILLE,8.0000,NY Tax,1,0,1,
US,NY,13739,KORTRIGHT,8.0000,NY Tax,1,0,1,
US,NY,13740,BOVINA,8.0000,NY Tax,1,0,1,
US,NY,13743,CANDOR,8.0000,NY Tax,1,0,1,
US,NY,13744,BARKER,8.0000,NY Tax,1,0,1,
US,NY,13745,CHENANGO,8.0000,NY Tax,1,0,1,
US,NY,13746,BARKER,8.0000,NY Tax,1,0,1,
US,NY,13747,MILFORD,8.0000,NY Tax,1,0,1,
US,NY,13748,CONKLIN,8.0000,NY Tax,1,0,1,
US,NY,13749,CONKLIN,8.0000,NY Tax,1,0,1,
US,NY,13750,DAVENPORT,8.0000,NY Tax,1,0,1,
US,NY,13751,DAVENPORT,8.0000,NY Tax,1,0,1,
US,NY,13752,HAMDEN,8.0000,NY Tax,1,0,1,
US,NY,13753,DELHI,8.0000,NY Tax,1,0,1,
US,NY,13754,SANFORD,8.0000,NY Tax,1,0,1,
US,NY,13755,COLCHESTER,8.0000,NY Tax,1,0,1,
US,NY,13756,HANCOCK,8.0000,NY Tax,1,0,1,
US,NY,13757,MEREDITH,8.0000,NY Tax,1,0,1,
US,NY,13760,UNION,8.0000,NY Tax,1,0,1,
US,NY,13761,ENDICOTT VILLAGE,8.0000,NY Tax,1,0,1,
US,NY,13762,ENDICOTT VILLAGE,8.0000,NY Tax,1,0,1,
US,NY,13774,HANCOCK,8.0000,NY Tax,1,0,1,
US,NY,13775,FRANKLIN TOWN, DELAWARE COUNTY,8.0000,NY Tax,1,0,1,
US,NY,13776,BUTTERNUTS,8.0000,NY Tax,1,0,1,
US,NY,13777,NANTICOKE,8.0000,NY Tax,1,0,1,
US,NY,13778,GREENE,8.0000,NY Tax,1,0,1,
US,NY,13780,GUILFORD,8.0000,NY Tax,1,0,1,
US,NY,13782,HAMDEN,8.0000,NY Tax,1,0,1,
US,NY,13783,HANCOCK,8.0000,NY Tax,1,0,1,
US,NY,13784,HARFORD,8.0000,NY Tax,1,0,1,
US,NY,13786,HARPERSFIELD,8.0000,NY Tax,1,0,1,
US,NY,13787,COLESVILLE,8.0000,NY Tax,1,0,1,
US,NY,13788,STAMFORD,8.0000,NY Tax,1,0,1,
US,NY,13790,JOHNSON CITY VILLAGE,8.0000,NY Tax,1,0,1,
US,NY,13794,LISLE TOWN,8.0000,NY Tax,1,0,1,
US,NY,13795,KIRKWOOD,8.0000,NY Tax,1,0,1,
US,NY,13796,LAURENS TOWN,8.0000,NY Tax,1,0,1,
US,NY,13797,LISLE TOWN,8.0000,NY Tax,1,0,1,
US,NY,13801,MCDONOUGH,8.0000,NY Tax,1,0,1,
US,NY,13802,MAINE,8.0000,NY Tax,1,0,1,
US,NY,13803,MARATHON TOWN,8.0000,NY Tax,1,0,1,
US,NY,13804,MASONVILLE,8.0000,NY Tax,1,0,1,
US,NY,13806,MEREDITH,8.0000,NY Tax,1,0,1,
US,NY,13807,HARTWICK,8.0000,NY Tax,1,0,1,
US,NY,13808,MORRIS,8.0000,NY Tax,1,0,1,
US,NY,13809,GUILFORD,8.0000,NY Tax,1,0,1,
US,NY,13810,NEW LISBON,8.0000,NY Tax,1,0,1,
US,NY,13811,NEWARK VALLEY,8.0000,NY Tax,1,0,1,
US,NY,13812,NICHOLS,8.0000,NY Tax,1,0,1,
US,NY,13813,COLESVILLE,8.0000,NY Tax,1,0,1,
US,NY,13814,NORTH NORWICH,8.0000,NY Tax,1,0,1,
US,NY,13815,NORWICH,8.0000,NY Tax,1,0,1,
US,NY,13820,ONEONTA CITY,8.0000,NY Tax,1,0,1,
US,NY,13825,OTEGO,8.0000,NY Tax,1,0,1,
US,NY,13826,WINDSOR,8.0000,NY Tax,1,0,1,
US,NY,13827,OWEGO,8.0000,NY Tax,1,0,1,
US,NY,13830,OXFORD,8.0000,NY Tax,1,0,1,
US,NY,13832,OTSELIC,8.0000,NY Tax,1,0,1,
US,NY,13833,FENTON,8.0000,NY Tax,1,0,1,
US,NY,13834,MILFORD,8.0000,NY Tax,1,0,1,
US,NY,13835,RICHFORD,8.0000,NY Tax,1,0,1,
US,NY,13838,SIDNEY VILLAGE,8.0000,NY Tax,1,0,1,
US,NY,13839,SIDNEY,8.0000,NY Tax,1,0,1,
US,NY,13840,TIOGA,8.0000,NY Tax,1,0,1,
US,NY,13841,SMITHVILLE,8.0000,NY Tax,1,0,1,
US,NY,13842,KORTRIGHT,8.0000,NY Tax,1,0,1,
US,NY,13843,NEW BERLIN,8.0000,NY Tax,1,0,1,
US,NY,13844,PLYMOUTH,8.0000,NY Tax,1,0,1,
US,NY,13845,TIOGA,8.0000,NY Tax,1,0,1,
US,NY,13847,TOMPKINS,8.0000,NY Tax,1,0,1,
US,NY,13848,COLESVILLE,8.0000,NY Tax,1,0,1,
US,NY,13849,UNADILLA,8.0000,NY Tax,1,0,1,
US,NY,13850,VESTAL,8.0000,NY Tax,1,0,1,
US,NY,13851,VESTAL,8.0000,NY Tax,1,0,1,
US,NY,13856,WALTON,8.0000,NY Tax,1,0,1,
US,NY,13859,UNADILLA,8.0000,NY Tax,1,0,1,
US,NY,13860,DAVENPORT,8.0000,NY Tax,1,0,1,
US,NY,13861,ONEONTA TOWN,8.0000,NY Tax,1,0,1,
US,NY,13862,TRIANGLE,8.0000,NY Tax,1,0,1,
US,NY,13863,WILLET,8.0000,NY Tax,1,0,1,
US,NY,13864,CANDOR,8.0000,NY Tax,1,0,1,
US,NY,13865,WINDSOR,8.0000,NY Tax,1,0,1,
US,NY,13901,BINGHAMTON VILLAGE,8.0000,NY Tax,1,0,1,
US,NY,13902,BINGHAMTON VILLAGE,8.0000,NY Tax,1,0,1,
US,NY,13903,BINGHAMTON VILLAGE,8.0000,NY Tax,1,0,1,
US,NY,13904,BINGHAMTON VILLAGE,8.0000,NY Tax,1,0,1,
US,NY,13905,BINGHAMTON VILLAGE,8.0000,NY Tax,1,0,1,
US,NY,14001,NEWSTEAD,8.7500,NY Tax,1,0,1,
US,NY,14004,ALDEN,8.7500,NY Tax,1,0,1,
US,NY,14005,ALEXANDER,8.0000,NY Tax,1,0,1,
US,NY,14006,EVANS,8.7500,NY Tax,1,0,1,
US,NY,14008,NEWFANE,8.0000,NY Tax,1,0,1,
US,NY,14009,ARCADE,8.0000,NY Tax,1,0,1,
US,NY,14010,HAMBURG TOWN,8.7500,NY Tax,1,0,1,
US,NY,14011,ATTICA VILLAGE,8.0000,NY Tax,1,0,1,
US,NY,14012,SOMERSET,8.0000,NY Tax,1,0,1,
US,NY,14013,ALABAMA,8.0000,NY Tax,1,0,1,
US,NY,14020,BATAVIA CITY,8.0000,NY Tax,1,0,1,
US,NY,14021,BATAVIA CITY,8.0000,NY Tax,1,0,1,
US,NY,14024,EAGLE,8.0000,NY Tax,1,0,1,
US,NY,14025,BOSTON,8.7500,NY Tax,1,0,1,
US,NY,14026,LANCASTER TOWN,8.7500,NY Tax,1,0,1,
US,NY,14027,BRANT,8.7500,NY Tax,1,0,1,
US,NY,14028,NEWFANE,8.0000,NY Tax,1,0,1,
US,NY,14029,CENTERVILLE,8.5000,NY Tax,1,0,1,
US,NY,14030,SARDINIA,8.7500,NY Tax,1,0,1,
US,NY,14031,CLARENCE,8.7500,NY Tax,1,0,1,
US,NY,14032,CLARENCE,8.7500,NY Tax,1,0,1,
US,NY,14033,COLDEN,8.7500,NY Tax,1,0,1,
US,NY,14034,COLLINS,8.7500,NY Tax,1,0,1,
US,NY,14035,COLLINS,8.7500,NY Tax,1,0,1,
US,NY,14036,PEMBROKE,8.0000,NY Tax,1,0,1,
US,NY,14037,BENNINGTON,8.0000,NY Tax,1,0,1,
US,NY,14038,ALDEN,8.7500,NY Tax,1,0,1,
US,NY,14039,MIDDLEBURY,8.0000,NY Tax,1,0,1,
US,NY,14040,DARIEN,8.0000,NY Tax,1,0,1,
US,NY,14041,DAYTON,8.0000,NY Tax,1,0,1,
US,NY,14042,YORKSHIRE,8.0000,NY Tax,1,0,1,
US,NY,14043,DEPEW VILLAGE,8.7500,NY Tax,1,0,1,
US,NY,14047,EVANS,8.7500,NY Tax,1,0,1,
US,NY,14048,DUNKIRK CITY,8.0000,NY Tax,1,0,1,
US,NY,14051,AMHERST,8.7500,NY Tax,1,0,1,
US,NY,14052,EAST AURORA VILLAGE,8.7500,NY Tax,1,0,1,
US,NY,14054,BETHANY,8.0000,NY Tax,1,0,1,
US,NY,14055,SARDINIA,8.7500,NY Tax,1,0,1,
US,NY,14056,BATAVIA TOWN,8.0000,NY Tax,1,0,1,
US,NY,14057,EDEN,8.7500,NY Tax,1,0,1,
US,NY,14058,ELBA,8.0000,NY Tax,1,0,1,
US,NY,14059,ELMA,8.7500,NY Tax,1,0,1,
US,NY,14060,CENTERVILLE,8.5000,NY Tax,1,0,1,
US,NY,14061,FARNHAM VILLAGE,8.7500,NY Tax,1,0,1,
US,NY,14062,HANOVER,8.0000,NY Tax,1,0,1,
US,NY,14063,FREDONIA VILLAGE,8.0000,NY Tax,1,0,1,
US,NY,14065,FREEDOM,8.0000,NY Tax,1,0,1,
US,NY,14066,GAINESVILLE,8.0000,NY Tax,1,0,1,
US,NY,14067,ROYALTON,8.0000,NY Tax,1,0,1,
US,NY,14068,AMHERST,8.7500,NY Tax,1,0,1,
US,NY,14069,CONCORD,8.7500,NY Tax,1,0,1,
US,NY,14070,PERSIA,8.0000,NY Tax,1,0,1,
US,NY,14072,GRAND ISLAND,8.7500,NY Tax,1,0,1,
US,NY,14075,HAMBURG TOWN,8.7500,NY Tax,1,0,1,
US,NY,14080,HOLLAND,8.7500,NY Tax,1,0,1,
US,NY,14081,HANOVER,8.0000,NY Tax,1,0,1,
US,NY,14082,JAVA,8.0000,NY Tax,1,0,1,
US,NY,14083,JAVA,8.0000,NY Tax,1,0,1,
US,NY,14085,HAMBURG TOWN,8.7500,NY Tax,1,0,1,
US,NY,14086,LANCASTER TOWN,8.7500,NY Tax,1,0,1,
US,NY,14091,NORTH COLLINS,8.7500,NY Tax,1,0,1,
US,NY,14092,LEWISTON,8.0000,NY Tax,1,0,1,
US,NY,14094,NIAGARA,8.0000,NY Tax,1,0,1,
US,NY,14095,NIAGARA,8.0000,NY Tax,1,0,1,
US,NY,14098,YATES,8.0000,NY Tax,1,0,1,
US,NY,14101,MACHIAS,8.0000,NY Tax,1,0,1,
US,NY,14102,MARILLA,8.7500,NY Tax,1,0,1,
US,NY,14103,MEDINA VILLAGE,8.0000,NY Tax,1,0,1,
US,NY,14105,MIDDLEPORT VILLAGE,8.0000,NY Tax,1,0,1,
US,NY,14107,LEWISTON,8.0000,NY Tax,1,0,1,
US,NY,14108,NEWFANE,8.0000,NY Tax,1,0,1,
US,NY,14109,LEWISTON,8.0000,NY Tax,1,0,1,
US,NY,14110,BOSTON,8.7500,NY Tax,1,0,1,
US,NY,14111,NORTH COLLINS,8.7500,NY Tax,1,0,1,
US,NY,14112,EVANS,8.7500,NY Tax,1,0,1,
US,NY,14113,JAVA,8.0000,NY Tax,1,0,1,
US,NY,14120,NORTH TONAWANDA,8.0000,NY Tax,1,0,1,
US,NY,14125,OAKFIELD VILLAGE,8.0000,NY Tax,1,0,1,
US,NY,14126,NEWFANE,8.0000,NY Tax,1,0,1,
US,NY,14127,ORCHARD PARK,8.7500,NY Tax,1,0,1,
US,NY,14129,PERRYSBURG,8.0000,NY Tax,1,0,1,
US,NY,14130,PIKE,8.0000,NY Tax,1,0,1,
US,NY,14131,PORTER,8.0000,NY Tax,1,0,1,
US,NY,14132,CAMBRIA,8.0000,NY Tax,1,0,1,
US,NY,14134,SARDINIA,8.7500,NY Tax,1,0,1,
US,NY,14135,SHERIDAN,8.0000,NY Tax,1,0,1,
US,NY,14136,SILVER CREEK VILLAGE,8.0000,NY Tax,1,0,1,
US,NY,14138,SOUTH DAYTON VILLAGE,8.0000,NY Tax,1,0,1,
US,NY,14139,WALES,8.7500,NY Tax,1,0,1,
US,NY,14140,ELMA,8.7500,NY Tax,1,0,1,
US,NY,14141,SPRINGVILLE VILLAGE,8.7500,NY Tax,1,0,1,
US,NY,14143,STAFFORD,8.0000,NY Tax,1,0,1,
US,NY,14144,LEWISTON,8.0000,NY Tax,1,0,1,
US,NY,14145,SHELDON,8.0000,NY Tax,1,0,1,
US,NY,14150,TONAWANDA,8.7500,NY Tax,1,0,1,
US,NY,14151,TONAWANDA VILLAGE,8.7500,NY Tax,1,0,1,
US,NY,14166,POMFRET,8.0000,NY Tax,1,0,1,
US,NY,14167,SHELDON,8.0000,NY Tax,1,0,1,
US,NY,14168,PERRYSBURG,8.0000,NY Tax,1,0,1,
US,NY,14169,WALES,8.7500,NY Tax,1,0,1,
US,NY,14170,AURORA,8.7500,NY Tax,1,0,1,
US,NY,14171,ASHFORD,8.0000,NY Tax,1,0,1,
US,NY,14172,WILSON,8.0000,NY Tax,1,0,1,
US,NY,14173,YORKSHIRE,8.0000,NY Tax,1,0,1,
US,NY,14174,PORTER,8.0000,NY Tax,1,0,1,
US,NY,14201,BUFFALO,8.7500,NY Tax,1,0,1,
US,NY,14202,BUFFALO,8.7500,NY Tax,1,0,1,
US,NY,14203,BUFFALO,8.7500,NY Tax,1,0,1,
US,NY,14204,BUFFALO,8.7500,NY Tax,1,0,1,
US,NY,14205,BUFFALO,8.7500,NY Tax,1,0,1,
US,NY,14206,BUFFALO,8.7500,NY Tax,1,0,1,
US,NY,14207,BUFFALO,8.7500,NY Tax,1,0,1,
US,NY,14208,BUFFALO,8.7500,NY Tax,1,0,1,
US,NY,14209,BUFFALO,8.7500,NY Tax,1,0,1,
US,NY,14210,BUFFALO,8.7500,NY Tax,1,0,1,
US,NY,14211,BUFFALO,8.7500,NY Tax,1,0,1,
US,NY,14212,BUFFALO,8.7500,NY Tax,1,0,1,
US,NY,14213,BUFFALO,8.7500,NY Tax,1,0,1,
US,NY,14214,BUFFALO,8.7500,NY Tax,1,0,1,
US,NY,14215,BUFFALO,8.7500,NY Tax,1,0,1,
US,NY,14216,BUFFALO,8.7500,NY Tax,1,0,1,
US,NY,14217,KENMORE VILLAGE,8.7500,NY Tax,1,0,1,
US,NY,14218,LACKAWANNA,8.7500,NY Tax,1,0,1,
US,NY,14219,HAMBURG TOWN,8.7500,NY Tax,1,0,1,
US,NY,14220,BUFFALO,8.7500,NY Tax,1,0,1,
US,NY,14221,AMHERST,8.7500,NY Tax,1,0,1,
US,NY,14222,BUFFALO,8.7500,NY Tax,1,0,1,
US,NY,14223,TONAWANDA,8.7500,NY Tax,1,0,1,
US,NY,14224,WEST SENECA,8.7500,NY Tax,1,0,1,
US,NY,14225,CHEEKTOWAGA,8.7500,NY Tax,1,0,1,
US,NY,14226,AMHERST,8.7500,NY Tax,1,0,1,
US,NY,14227,CHEEKTOWAGA,8.7500,NY Tax,1,0,1,
US,NY,14228,AMHERST,8.7500,NY Tax,1,0,1,
US,NY,14231,AMHERST,8.7500,NY Tax,1,0,1,
US,NY,14233,BUFFALO,8.7500,NY Tax,1,0,1,
US,NY,14240,BUFFALO,8.7500,NY Tax,1,0,1,
US,NY,14241,CHEEKTOWAGA,8.7500,NY Tax,1,0,1,
US,NY,14260,AMHERST,8.7500,NY Tax,1,0,1,
US,NY,14261,AMHERST,8.7500,NY Tax,1,0,1,
US,NY,14263,BUFFALO,8.7500,NY Tax,1,0,1,
US,NY,14265,BUFFALO,8.7500,NY Tax,1,0,1,
US,NY,14267,BUFFALO,8.7500,NY Tax,1,0,1,
US,NY,14269,BUFFALO,8.7500,NY Tax,1,0,1,
US,NY,14270,BUFFALO,8.7500,NY Tax,1,0,1,
US,NY,14272,BUFFALO,8.7500,NY Tax,1,0,1,
US,NY,14273,BUFFALO,8.7500,NY Tax,1,0,1,
US,NY,14276,BUFFALO,8.7500,NY Tax,1,0,1,
US,NY,14280,BUFFALO,8.7500,NY Tax,1,0,1,
US,NY,14301,NIAGARA FALLS,8.0000,NY Tax,1,0,1,
US,NY,14302,NIAGARA FALLS,8.0000,NY Tax,1,0,1,
US,NY,14303,NIAGARA FALLS,8.0000,NY Tax,1,0,1,
US,NY,14304,NIAGARA FALLS,8.0000,NY Tax,1,0,1,
US,NY,14305,NIAGARA FALLS,8.0000,NY Tax,1,0,1,
US,NY,14410,OGDEN,8.0000,NY Tax,1,0,1,
US,NY,14411,ALBION VILLAGE,8.0000,NY Tax,1,0,1,
US,NY,14413,SODUS,8.0000,NY Tax,1,0,1,
US,NY,14414,AVON VILLAGE,8.0000,NY Tax,1,0,1,
US,NY,14415,BENTON,8.0000,NY Tax,1,0,1,
US,NY,14416,BERGEN,8.0000,NY Tax,1,0,1,
US,NY,14418,JERUSALEM,8.0000,NY Tax,1,0,1,
US,NY,14420,BROCKPORT VILLAGE, NY,8.0000,NY Tax,1,0,1,
US,NY,14422,BYRON,8.0000,NY Tax,1,0,1,
US,NY,14423,CALEDONIA VILLAGE,8.0000,NY Tax,1,0,1,
US,NY,14424,CANANDAIGUA CITY,7.5000,NY Tax,1,0,1,
US,NY,14425,ONTARIO COUNTY,7.5000,NY Tax,1,0,1,
US,NY,14427,CASTILE,8.0000,NY Tax,1,0,1,
US,NY,14428,RIGA,8.0000,NY Tax,1,0,1,
US,NY,14429,CLARENDON,8.0000,NY Tax,1,0,1,
US,NY,14430,CLARKSON,8.0000,NY Tax,1,0,1,
US,NY,14432,CLIFTON SPRINGS VILLAGE,7.5000,NY Tax,1,0,1,
US,NY,14433,CLYDE VILLAGE,8.0000,NY Tax,1,0,1,
US,NY,14435,CONESUS,8.0000,NY Tax,1,0,1,
US,NY,14437,DANSVILLE VILLAGE,8.0000,NY Tax,1,0,1,
US,NY,14441,DRESDEN VILLAGE,8.0000,NY Tax,1,0,1,
US,NY,14445,EAST ROCHESTER VILLAGE,8.0000,NY Tax,1,0,1,
US,NY,14449,WILLIAMSON,8.0000,NY Tax,1,0,1,
US,NY,14450,PERINTON,8.0000,NY Tax,1,0,1,
US,NY,14452,MURRAY,8.0000,NY Tax,1,0,1,
US,NY,14453,VICTOR TOWN,7.5000,NY Tax,1,0,1,
US,NY,14454,GENESEO VILLAGE,8.0000,NY Tax,1,0,1,
US,NY,14456,GENEVA CITY,7.5000,NY Tax,1,0,1,
US,NY,14461,GORHAM TOWN,7.5000,NY Tax,1,0,1,
US,NY,14462,GROVELAND,8.0000,NY Tax,1,0,1,
US,NY,14463,ONTARIO COUNTY,7.5000,NY Tax,1,0,1,
US,NY,14464,HAMLIN,8.0000,NY Tax,1,0,1,
US,NY,14466,ONTARIO COUNTY,7.5000,NY Tax,1,0,1,
US,NY,14467,HENRIETTA,8.0000,NY Tax,1,0,1,
US,NY,14468,HILTON VILLAGE,8.0000,NY Tax,1,0,1,
US,NY,14469,ONTARIO COUNTY,7.5000,NY Tax,1,0,1,
US,NY,14470,HOLLEY VILLAGE,8.0000,NY Tax,1,0,1,
US,NY,14471,ONTARIO COUNTY,7.5000,NY Tax,1,0,1,
US,NY,14472,HONEOYE FALLS VILLAGE,8.0000,NY Tax,1,0,1,
US,NY,14475,ONTARIO COUNTY,7.5000,NY Tax,1,0,1,
US,NY,14476,KENDALL,8.0000,NY Tax,1,0,1,
US,NY,14477,CARLTON,8.0000,NY Tax,1,0,1,
US,NY,14478,JERUSALEM,8.0000,NY Tax,1,0,1,
US,NY,14479,RIDGEWAY,8.0000,NY Tax,1,0,1,
US,NY,14480,LIVONIA TOWN,8.0000,NY Tax,1,0,1,
US,NY,14481,LEICESTER TOWN,8.0000,NY Tax,1,0,1,
US,NY,14482,LE ROY VILLAGE,8.0000,NY Tax,1,0,1,
US,NY,14485,LIMA VILLAGE,8.0000,NY Tax,1,0,1,
US,NY,14486,YORK,8.0000,NY Tax,1,0,1,
US,NY,14487,LIVONIA TOWN,8.0000,NY Tax,1,0,1,
US,NY,14488,LIVONIA TOWN,8.0000,NY Tax,1,0,1,
US,NY,14489,LYONS,8.0000,NY Tax,1,0,1,
US,NY,14502,MACEDON,8.0000,NY Tax,1,0,1,
US,NY,14504,MANCHESTER VILLAGE,7.5000,NY Tax,1,0,1,
US,NY,14505,MARION,8.0000,NY Tax,1,0,1,
US,NY,14506,MENDON,8.0000,NY Tax,1,0,1,
US,NY,14507,MIDDLESEX,8.0000,NY Tax,1,0,1,
US,NY,14508,KENDALL,8.0000,NY Tax,1,0,1,
US,NY,14510,MOUNT MORRIS VILLAGE,8.0000,NY Tax,1,0,1,
US,NY,14511,WHEATLAND,8.0000,NY Tax,1,0,1,
US,NY,14512,NAPLES TOWN,7.5000,NY Tax,1,0,1,
US,NY,14513,NEWARK VILLAGE,8.0000,NY Tax,1,0,1,
US,NY,14514,CHILI,8.0000,NY Tax,1,0,1,
US,NY,14515,GREECE,8.0000,NY Tax,1,0,1,
US,NY,14516,ROSE,8.0000,NY Tax,1,0,1,
US,NY,14517,NUNDA VILLAGE,8.0000,NY Tax,1,0,1,
US,NY,14518,PHELPS TOWN,7.5000,NY Tax,1,0,1,
US,NY,14519,ONTARIO,8.0000,NY Tax,1,0,1,
US,NY,14520,ONTARIO,8.0000,NY Tax,1,0,1,
US,NY,14521,OVID,8.0000,NY Tax,1,0,1,
US,NY,14522,PALMYRA VILLAGE,8.0000,NY Tax,1,0,1,
US,NY,14525,PAVILION,8.0000,NY Tax,1,0,1,
US,NY,14526,PENFIELD,8.0000,NY Tax,1,0,1,
US,NY,14527,PENN YAN VILLAGE,8.0000,NY Tax,1,0,1,
US,NY,14529,WAYLAND,8.0000,NY Tax,1,0,1,
US,NY,14530,PERRY,8.0000,NY Tax,1,0,1,
US,NY,14532,PHELPS VILLAGE,7.5000,NY Tax,1,0,1,
US,NY,14533,YORK,8.0000,NY Tax,1,0,1,
US,NY,14534,PITTSFORD,8.0000,NY Tax,1,0,1,
US,NY,14536,GENESEE FALLS,8.0000,NY Tax,1,0,1,
US,NY,14537,MANCHESTER TOWN,7.5000,NY Tax,1,0,1,
US,NY,14538,WILLIAMSON,8.0000,NY Tax,1,0,1,
US,NY,14539,YORK,8.0000,NY Tax,1,0,1,
US,NY,14541,ROMULUS,8.0000,NY Tax,1,0,1,
US,NY,14542,ROSE,8.0000,NY Tax,1,0,1,
US,NY,14543,RUSH,8.0000,NY Tax,1,0,1,
US,NY,14544,GORHAM TOWN,7.5000,NY Tax,1,0,1,
US,NY,14545,SPARTA,8.0000,NY Tax,1,0,1,
US,NY,14546,WHEATLAND,8.0000,NY Tax,1,0,1,
US,NY,14547,ONTARIO COUNTY,7.5000,NY Tax,1,0,1,
US,NY,14548,MANCHESTER TOWN,7.5000,NY Tax,1,0,1,
US,NY,14549,CASTILE,8.0000,NY Tax,1,0,1,
US,NY,14550,SILVER SPRINGS VILLAGE,8.0000,NY Tax,1,0,1,
US,NY,14551,SODUS,8.0000,NY Tax,1,0,1,
US,NY,14555,SODUS POINT VILLAGE,8.0000,NY Tax,1,0,1,
US,NY,14556,GROVELAND,8.0000,NY Tax,1,0,1,
US,NY,14557,BYRON,8.0000,NY Tax,1,0,1,
US,NY,14558,LIVONIA TOWN,8.0000,NY Tax,1,0,1,
US,NY,14559,OGDEN,8.0000,NY Tax,1,0,1,
US,NY,14560,ONTARIO COUNTY,7.5000,NY Tax,1,0,1,
US,NY,14561,ONTARIO COUNTY,7.5000,NY Tax,1,0,1,
US,NY,14563,ONTARIO,8.0000,NY Tax,1,0,1,
US,NY,14564,VICTOR VILLAGE,7.5000,NY Tax,1,0,1,
US,NY,14568,WALWORTH,8.0000,NY Tax,1,0,1,
US,NY,14569,WARSAW VILLAGE,8.0000,NY Tax,1,0,1,
US,NY,14571,CARLTON,8.0000,NY Tax,1,0,1,
US,NY,14572,WAYLAND VILLAGE,8.0000,NY Tax,1,0,1,
US,NY,14580,WEBSTER,8.0000,NY Tax,1,0,1,
US,NY,14585,ONTARIO COUNTY,7.5000,NY Tax,1,0,1,
US,NY,14586,HENRIETTA,8.0000,NY Tax,1,0,1,
US,NY,14588,ROMULUS,8.0000,NY Tax,1,0,1,
US,NY,14589,WILLIAMSON,8.0000,NY Tax,1,0,1,
US,NY,14590,HURON,8.0000,NY Tax,1,0,1,
US,NY,14591,MIDDLEBURY,8.0000,NY Tax,1,0,1,
US,NY,14592,YORK,8.0000,NY Tax,1,0,1,
US,NY,14602,HENRIETTA,8.0000,NY Tax,1,0,1,
US,NY,14603,ROCHESTER CITY,8.0000,NY Tax,1,0,1,
US,NY,14604,ROCHESTER CITY,8.0000,NY Tax,1,0,1,
US,NY,14605,ROCHESTER CITY,8.0000,NY Tax,1,0,1,
US,NY,14606,GATES,8.0000,NY Tax,1,0,1,
US,NY,14607,ROCHESTER CITY,8.0000,NY Tax,1,0,1,
US,NY,14608,ROCHESTER CITY,8.0000,NY Tax,1,0,1,
US,NY,14609,ROCHESTER CITY,8.0000,NY Tax,1,0,1,
US,NY,14610,ROCHESTER CITY,8.0000,NY Tax,1,0,1,
US,NY,14611,ROCHESTER CITY,8.0000,NY Tax,1,0,1,
US,NY,14612,GREECE,8.0000,NY Tax,1,0,1,
US,NY,14613,ROCHESTER CITY,8.0000,NY Tax,1,0,1,
US,NY,14614,ROCHESTER CITY,8.0000,NY Tax,1,0,1,
US,NY,14615,GREECE,8.0000,NY Tax,1,0,1,
US,NY,14616,GREECE,8.0000,NY Tax,1,0,1,
US,NY,14617,IRONDEQUOIT,8.0000,NY Tax,1,0,1,
US,NY,14618,BRIGHTON, MONROE COUNTY,8.0000,NY Tax,1,0,1,
US,NY,14619,ROCHESTER CITY,8.0000,NY Tax,1,0,1,
US,NY,14620,ROCHESTER CITY,8.0000,NY Tax,1,0,1,
US,NY,14621,ROCHESTER CITY,8.0000,NY Tax,1,0,1,
US,NY,14622,IRONDEQUOIT,8.0000,NY Tax,1,0,1,
US,NY,14623,HENRIETTA,8.0000,NY Tax,1,0,1,
US,NY,14624,GATES,8.0000,NY Tax,1,0,1,
US,NY,14625,PENFIELD,8.0000,NY Tax,1,0,1,
US,NY,14626,GREECE,8.0000,NY Tax,1,0,1,
US,NY,14627,ROCHESTER CITY,8.0000,NY Tax,1,0,1,
US,NY,14638,ROCHESTER CITY,8.0000,NY Tax,1,0,1,
US,NY,14639,ROCHESTER CITY,8.0000,NY Tax,1,0,1,
US,NY,14642,ROCHESTER CITY,8.0000,NY Tax,1,0,1,
US,NY,14643,ROCHESTER CITY,8.0000,NY Tax,1,0,1,
US,NY,14644,HENRIETTA,8.0000,NY Tax,1,0,1,
US,NY,14646,ROCHESTER CITY,8.0000,NY Tax,1,0,1,
US,NY,14647,ROCHESTER CITY,8.0000,NY Tax,1,0,1,
US,NY,14649,ROCHESTER CITY,8.0000,NY Tax,1,0,1,
US,NY,14650,ROCHESTER CITY,8.0000,NY Tax,1,0,1,
US,NY,14651,ROCHESTER CITY,8.0000,NY Tax,1,0,1,
US,NY,14652,HENRIETTA,8.0000,NY Tax,1,0,1,
US,NY,14653,GATES,8.0000,NY Tax,1,0,1,
US,NY,14692,HENRIETTA,8.0000,NY Tax,1,0,1,
US,NY,14694,HENRIETTA,8.0000,NY Tax,1,0,1,
US,NY,14701,JAMESTOWN,8.0000,NY Tax,1,0,1,
US,NY,14702,JAMESTOWN,8.0000,NY Tax,1,0,1,
US,NY,14706,ALLEGANY,8.0000,NY Tax,1,0,1,
US,NY,14707,ALMA,8.5000,NY Tax,1,0,1,
US,NY,14708,ALMA,8.5000,NY Tax,1,0,1,
US,NY,14709,ANGELICA VILLAGE,8.5000,NY Tax,1,0,1,
US,NY,14710,NORTH HARMONY,8.0000,NY Tax,1,0,1,
US,NY,14711,BELFAST,8.5000,NY Tax,1,0,1,
US,NY,14712,ELLERY,8.0000,NY Tax,1,0,1,
US,NY,14714,NEW HUDSON,8.5000,NY Tax,1,0,1,
US,NY,14715,BOLIVAR VILLAGE,8.5000,NY Tax,1,0,1,
US,NY,14716,BROCTON VILLAGE,8.0000,NY Tax,1,0,1,
US,NY,14717,CANEADEA,8.5000,NY Tax,1,0,1,
US,NY,14718,CASSADAGA VILLAGE,8.0000,NY Tax,1,0,1,
US,NY,14719,NEW ALBION,8.0000,NY Tax,1,0,1,
US,NY,14720,CELORON VILLAGE,8.0000,NY Tax,1,0,1,
US,NY,14721,GENESEE,8.5000,NY Tax,1,0,1,
US,NY,14722,CHAUTAUQUA,8.0000,NY Tax,1,0,1,
US,NY,14723,CHERRY CREEK,8.0000,NY Tax,1,0,1,
US,NY,14724,FRENCH CREEK,8.0000,NY Tax,1,0,1,
US,NY,14726,CONEWANGO,8.0000,NY Tax,1,0,1,
US,NY,14727,CUBA VILLAGE,8.5000,NY Tax,1,0,1,
US,NY,14728,CHAUTAUQUA,8.0000,NY Tax,1,0,1,
US,NY,14729,EAST OTTO,8.0000,NY Tax,1,0,1,
US,NY,14730,RANDOLPH,8.0000,NY Tax,1,0,1,
US,NY,14731,ELLICOTTVILLE,8.0000,NY Tax,1,0,1,
US,NY,14732,ELLINGTON,8.0000,NY Tax,1,0,1,
US,NY,14733,FALCONER VILLAGE,8.0000,NY Tax,1,0,1,
US,NY,14735,HUME,8.5000,NY Tax,1,0,1,
US,NY,14736,MINA,8.0000,NY Tax,1,0,1,
US,NY,14737,FRANKLINVILLE VILLAGE,8.0000,NY Tax,1,0,1,
US,NY,14738,CARROLL,8.0000,NY Tax,1,0,1,
US,NY,14739,FRIENDSHIP,8.5000,NY Tax,1,0,1,
US,NY,14740,GERRY,8.0000,NY Tax,1,0,1,
US,NY,14741,GREAT VALLEY,8.0000,NY Tax,1,0,1,
US,NY,14742,ELLERY,8.0000,NY Tax,1,0,1,
US,NY,14743,HINSDALE,8.0000,NY Tax,1,0,1,
US,NY,14744,CANEADEA,8.5000,NY Tax,1,0,1,
US,NY,14745,HUME,8.5000,NY Tax,1,0,1,
US,NY,14747,POLAND,8.0000,NY Tax,1,0,1,
US,NY,14748,GREAT VALLEY,8.0000,NY Tax,1,0,1,
US,NY,14750,LAKEWOOD VILLAGE,8.0000,NY Tax,1,0,1,
US,NY,14751,LEON,8.0000,NY Tax,1,0,1,
US,NY,14752,POMFRET,8.0000,NY Tax,1,0,1,
US,NY,14753,CARROLLTON,8.0000,NY Tax,1,0,1,
US,NY,14754,GENESEE,8.5000,NY Tax,1,0,1,
US,NY,14755,LITTLE VALLEY VILLAGE,8.0000,NY Tax,1,0,1,
US,NY,14757,MAYVILLE VILLAGE,8.0000,NY Tax,1,0,1,
US,NY,14758,HARMONY,8.0000,NY Tax,1,0,1,
US,NY,14760,OLEAN VILLAGE,8.0000,NY Tax,1,0,1,
US,NY,14766,OTTO,8.0000,NY Tax,1,0,1,
US,NY,14767,HARMONY,8.0000,NY Tax,1,0,1,
US,NY,14769,PORTLAND,8.0000,NY Tax,1,0,1,
US,NY,14770,PORTVILLE,8.0000,NY Tax,1,0,1,
US,NY,14772,RANDOLPH,8.0000,NY Tax,1,0,1,
US,NY,14774,RICHBURG VILLAGE,8.5000,NY Tax,1,0,1,
US,NY,14775,RIPLEY,8.0000,NY Tax,1,0,1,
US,NY,14777,RUSHFORD,8.5000,NY Tax,1,0,1,
US,NY,14778,ALLEGANY,8.0000,NY Tax,1,0,1,
US,NY,14779,SALAMANCA,8.0000,NY Tax,1,0,1,
US,NY,14781,SHERMAN,8.0000,NY Tax,1,0,1,
US,NY,14782,CHARLOTTE TOWN,8.0000,NY Tax,1,0,1,
US,NY,14783,COLDSPRING,8.0000,NY Tax,1,0,1,
US,NY,14784,STOCKTON,8.0000,NY Tax,1,0,1,
US,NY,14785,NORTH HARMONY,8.0000,NY Tax,1,0,1,
US,NY,14786,CLARKSVILLE,8.5000,NY Tax,1,0,1,
US,NY,14787,WESTFIELD VILLAGE,8.0000,NY Tax,1,0,1,
US,NY,14788,PORTVILLE,8.0000,NY Tax,1,0,1,
US,NY,14801,ADDISON VILLAGE, NY,8.0000,NY Tax,1,0,1,
US,NY,14802,ALFRED VILLAGE,8.5000,NY Tax,1,0,1,
US,NY,14803,ALFRED,8.5000,NY Tax,1,0,1,
US,NY,14804,ALMOND,8.5000,NY Tax,1,0,1,
US,NY,14805,CATHARINE,8.0000,NY Tax,1,0,1,
US,NY,14806,ANDOVER,8.5000,NY Tax,1,0,1,
US,NY,14807,DANSVILLE,8.0000,NY Tax,1,0,1,
US,NY,14808,COHOCTON,8.0000,NY Tax,1,0,1,
US,NY,14809,AVOCA,8.0000,NY Tax,1,0,1,
US,NY,14810,BATH VILLAGE,8.0000,NY Tax,1,0,1,
US,NY,14812,CATLIN,8.0000,NY Tax,1,0,1,
US,NY,14813,BELMONT VILLAGE,8.5000,NY Tax,1,0,1,
US,NY,14814,BIG FLATS,8.0000,NY Tax,1,0,1,
US,NY,14815,ORANGE,8.0000,NY Tax,1,0,1,
US,NY,14816,HORSEHEADS TOWN,8.0000,NY Tax,1,0,1,
US,NY,14817,CAROLINE,8.0000,NY Tax,1,0,1,
US,NY,14818,HECTOR,8.0000,NY Tax,1,0,1,
US,NY,14819,CAMERON,8.0000,NY Tax,1,0,1,
US,NY,14820,CAMERON,8.0000,NY Tax,1,0,1,
US,NY,14821,CAMPBELL,8.0000,NY Tax,1,0,1,
US,NY,14822,CANASERAGA VILLAGE,8.5000,NY Tax,1,0,1,
US,NY,14823,CANISTEO VILLAGE,8.0000,NY Tax,1,0,1,
US,NY,14824,CAYUTA,8.0000,NY Tax,1,0,1,
US,NY,14825,CHEMUNG,8.0000,NY Tax,1,0,1,
US,NY,14826,COHOCTON,8.0000,NY Tax,1,0,1,
US,NY,14827,ERWIN,8.0000,NY Tax,1,0,1,
US,NY,14830,CORNING CITY,8.0000,NY Tax,1,0,1,
US,NY,14831,CORNING CITY,8.0000,NY Tax,1,0,1,
US,NY,14836,NUNDA,8.0000,NY Tax,1,0,1,
US,NY,14837,STARKEY,8.0000,NY Tax,1,0,1,
US,NY,14838,ERIN,8.0000,NY Tax,1,0,1,
US,NY,14839,GREENWOOD,8.0000,NY Tax,1,0,1,
US,NY,14840,WAYNE,8.0000,NY Tax,1,0,1,
US,NY,14841,HECTOR,8.0000,NY Tax,1,0,1,
US,NY,14842,MILO,8.0000,NY Tax,1,0,1,
US,NY,14843,STEUBEN COUNTY,8.0000,NY Tax,1,0,1,
US,NY,14845,HORSEHEADS VILLAGE,8.0000,NY Tax,1,0,1,
US,NY,14846,PORTAGE,8.0000,NY Tax,1,0,1,
US,NY,14847,COVERT,8.0000,NY Tax,1,0,1,
US,NY,14850,ITHACA,8.0000,NY Tax,1,0,1,
US,NY,14851,ITHACA,8.0000,NY Tax,1,0,1,
US,NY,14852,LANSING VILLAGE,8.0000,NY Tax,1,0,1,
US,NY,14853,ITHACA,8.0000,NY Tax,1,0,1,
US,NY,14854,ULYSSES,8.0000,NY Tax,1,0,1,
US,NY,14855,JASPER,8.0000,NY Tax,1,0,1,
US,NY,14856,BATH TOWN,8.0000,NY Tax,1,0,1,
US,NY,14857,STARKEY,8.0000,NY Tax,1,0,1,
US,NY,14858,LINDLEY,8.0000,NY Tax,1,0,1,
US,NY,14859,BARTON,8.0000,NY Tax,1,0,1,
US,NY,14860,LODI TOWN,8.0000,NY Tax,1,0,1,
US,NY,14861,BALDWIN,8.0000,NY Tax,1,0,1,
US,NY,14863,HECTOR,8.0000,NY Tax,1,0,1,
US,NY,14864,VETERAN,8.0000,NY Tax,1,0,1,
US,NY,14865,MONTOUR FALLS VILLAGE,8.0000,NY Tax,1,0,1,
US,NY,14867,NEWFIELD,8.0000,NY Tax,1,0,1,
US,NY,14869,ODESSA VILLAGE,8.0000,NY Tax,1,0,1,
US,NY,14870,ERWIN,8.0000,NY Tax,1,0,1,
US,NY,14871,SOUTHPORT,8.0000,NY Tax,1,0,1,
US,NY,14872,CATLIN,8.0000,NY Tax,1,0,1,
US,NY,14873,PRATTSBURGH,8.0000,NY Tax,1,0,1,
US,NY,14874,PULTENEY,8.0000,NY Tax,1,0,1,
US,NY,14876,READING,8.0000,NY Tax,1,0,1,
US,NY,14877,WEST UNION,8.0000,NY Tax,1,0,1,
US,NY,14878,READING,8.0000,NY Tax,1,0,1,
US,NY,14879,BATH TOWN,8.0000,NY Tax,1,0,1,
US,NY,14880,SCIO,8.5000,NY Tax,1,0,1,
US,NY,14881,CAROLINE,8.0000,NY Tax,1,0,1,
US,NY,14882,LANSING TOWN,8.0000,NY Tax,1,0,1,
US,NY,14883,SPENCER,8.0000,NY Tax,1,0,1,
US,NY,14884,GROVE,8.5000,NY Tax,1,0,1,
US,NY,14885,TROUPSBURG,8.0000,NY Tax,1,0,1,
US,NY,14886,ULYSSES,8.0000,NY Tax,1,0,1,
US,NY,14887,TYRONE,8.0000,NY Tax,1,0,1,
US,NY,14889,VAN ETTEN,8.0000,NY Tax,1,0,1,
US,NY,14891,WATKINS GLEN VILLAGE,8.0000,NY Tax,1,0,1,
US,NY,14892,WAVERLY VILLAGE,8.0000,NY Tax,1,0,1,
US,NY,14893,WAYNE,8.0000,NY Tax,1,0,1,
US,NY,14894,ASHLAND, CHEMUNG COUNTY,8.0000,NY Tax,1,0,1,
US,NY,14895,WELLSVILLE VILLAGE,8.5000,NY Tax,1,0,1,
US,NY,14897,INDEPENDENCE,8.5000,NY Tax,1,0,1,
US,NY,14898,WOODHULL,8.0000,NY Tax,1,0,1,
US,NY,14901,CHEMUNG COUNTY,8.0000,NY Tax,1,0,1,
US,NY,14902,CHEMUNG COUNTY,8.0000,NY Tax,1,0,1,
US,NY,14903,ELMIRA HEIGHTS VILLAGE,8.0000,NY Tax,1,0,1,
US,NY,14904,CHEMUNG COUNTY,8.0000,NY Tax,1,0,1,
US,NY,14905,CHEMUNG COUNTY,8.0000,NY Tax,1,0,1,
